Question,Answer
生活原本沉闷，但跑起来就有风。你还在抱怨公司对你的不公，你不花心思用自己的职位权利赚点钱，就没人对你公平。有空聊聊合作，我的技术能让你月入十万以上，也许能让你财富自由。飞机号telegram：@GT1685   生活原本沉闷，但跑起来就有风。你还在抱怨公司对你的不公，你不花心思用自己的职位权利赚点钱，就没人对你公平。有空聊聊合作，我的技术能让你月入十万以上，也许能让你财富自由。飞机号telegram：@GT1685,好的亲，已经转达相关单位评估，若是有任何需求会联系您的   亲，请问是否有其他问题是馨儿可以协助您的呢~?   亲，因您长时间没有回复，系统会关闭与您的对话，如果您有任何问题欢迎您再与《在线客服》联系哦，谢谢您
shishi159   怎么提款退回了,亲，经查询您的账号平台正在审核中，故退回了您的提款申请，审核期间不影响您继续进行游戏，建议您可以先持续进行游戏，晚些再重新提交提款尝试下，若金额退回代表还在审核中，需要请您耐心等候审核完毕，若成功提款就表示已审核完毕了哦，谢谢您   请问还有其他地方需要小娟再帮您服务的吗(｡•ㅅ•｡)♡   亲，由于您长时间未回覆，这边会退出对话，若之后还有需要协助的地方，欢迎再进线客服谘询哦，小娟祝您有美好的一天，再见♡
存款未到,亲，请提供您的会员帐号，以便为您确认，谢谢。
turandaidai,谢谢您的提供，馨儿已为您提交财务确认，麻烦请您稍待   不好意思让您久等了，目前您的存款已到帐成功~请您刷新下钱包确认，谢谢ヾ(*´∀ˋ*)ﾉ   感谢您的耐心等候，请问还有其他需要馨儿为您服务的地方吗(｡•ㅅ•｡)♡   亲，因您长时间没有回复，系统会关闭与您的对话，如果您有任何问题欢迎您再与《在线客服》联系哦，谢谢您
存款没到账,亲，请您提供下会员帐号跟电子回单截图，以利小娟为您确认
c12345,小娟查看您的存款已经到帐添加了，请您刷新页面确认下，谢谢您(˶˚ ᗨ ˚˶)   感谢您对新利的支持与爱护，请问还有其他需要小娟能为您服务的地方吗(｡•ㅅ•｡)♡   亲，由于您长时间未回覆，这边会退出对话，若之后还有需要协助的地方，欢迎再进线客服谘询哦，小娟祝您有美好的一天，再见♡
支付宝900   没到,亲，请提供您的会员帐号，以便为您确认，谢谢。
jiang191jie12,亲，请稍等，馨儿帮您查询下 (๑´ㅂ`๑)   亲，请您提供下您支付成功的电子回单截图，馨儿为您提交财务查询~
在那个手机上   等几分钟,好的亲亲，再麻烦您提供了，谢谢   亲亲，请问您现在能提供截图以利为您查询吗？   是否有遇到什么困难呢？   亲亲，若您是两部手机，您可以尝试用联系客服这部手机拍摄回单截图，尽量拍摄清晰一些，以利馨儿为您提交财务查询看是否可以使用该截图呢。   不好意思让您久等了，目前您的存款已到帐成功~请您刷新下钱包确认，谢谢ヾ(*´∀ˋ*)ﾉ   感谢您的耐心等候，请问还有其他需要馨儿为您服务的地方吗(｡•ㅅ•｡)♡
支付宝900没到,亲亲，您的该笔存款已经到账了呢，麻烦您刷新查看一下   亲，请问是否有其他问题是馨儿可以协助您的呢~?   亲，因您长时间没有回复，系统会关闭与您的对话，如果您有任何问题欢迎您再与《在线客服》联系哦，谢谢您
提款说流水不足,亲，请您提供下会员帐号，以利为您确认｡◕‿◕｡
pengfei927   我一共错了3000   打了6000了还不足   系统有病了吗,请您稍等会，这边为您确认下哦   抱歉让您久等了，请您刷新后重新尝试下提款哦   感谢您的耐心等候，请问还有其他地方需要小娟再帮您服务的吗(｡•ㅅ•｡)♡
发个988Pay钱包连接给我,亲亲，请问您是咨询988pay的网址吗？
是的,亲，请稍等，馨儿帮您查询下 (๑´ㅂ`๑)   https://988payvip.com/home.html   感谢您的耐心等候，请问还有其他需要馨儿为您服务的地方吗(｡•ㅅ•｡)♡   亲，因您长时间没有回复，系统会关闭与您的对话，如果您有任何问题欢迎您再与《在线客服》联系哦，谢谢您
你们现在提款怎么这么久,亲，请您先提供下会员帐号，以利为您确认｡◕‿◕｡
Zxy520,抱歉让您久等了，小娟查看您的提款还在等候财务审核中，审核作业会需要一些时间，待审核完成即会出款的，请您耐心等待就可以的   请问还有其他地方需要小娟再帮您服务的吗(｡•ㅅ•｡)♡
Yuan2021   没到,亲，请稍等，馨儿帮您查询下 (๑´ㅂ`๑)   谢谢您的提供，馨儿已为您提交财务确认，麻烦请您稍待   亲，财务查询需要一些时间，还请再稍等等哦   不好意思让您久等了，目前您的存款已到帐成功~请您刷新下钱包确认，谢谢ヾ(*´∀ˋ*)ﾉ   感谢您的耐心等候，请问还有其他需要馨儿为您服务的地方吗(｡•ㅅ•｡)♡   亲，因您长时间没有回复，系统会关闭与您的对话，如果您有任何问题欢迎您再与《在线客服》联系哦，谢谢您
cjx1234   取消提款   速度,好的亲，马上为您查询，请稍等哦   亲，这边已有为您提交相关单位查看，还请您稍等下了哦，谢谢您
好的,亲，您的提款已有为您取消，再麻烦您刷新页面查看下，谢谢您   感谢亲的耐心等候，请问还有什么毛毛能够协助的吗？
生活原本沉闷，但跑起来就有风。你还在抱怨公司对你的不公，你不花心思用自己的职位权利赚点钱，就没人对你公平。有空聊聊合作，我的技术能让你月入十万以上，也许能让你财富自由。飞机号telegram：@GT1685   生活原本沉闷，但跑起来就有风。你还在抱怨公司对你的不公，你不花心思用自己的职位权利赚点钱，就没人对你公平。有空聊聊合作，我的技术能让你月入十万以上，也许能让你财富自由。飞机号telegram：@GT1685,好的亲，已经转达相关单位评估，若是有任何需求会联系您的   亲，请问是否有其他问题是馨儿可以协助您的呢~?   亲，因您长时间没有回复，系统会关闭与您的对话，如果您有任何问题欢迎您再与《在线客服》联系哦，谢谢您
shishi159   怎么提款退回了,亲，经查询您的账号平台正在审核中，故退回了您的提款申请，审核期间不影响您继续进行游戏，建议您可以先持续进行游戏，晚些再重新提交提款尝试下，若金额退回代表还在审核中，需要请您耐心等候审核完毕，若成功提款就表示已审核完毕了哦，谢谢您   请问还有其他地方需要小娟再帮您服务的吗(｡•ㅅ•｡)♡   亲，由于您长时间未回覆，这边会退出对话，若之后还有需要协助的地方，欢迎再进线客服谘询哦，小娟祝您有美好的一天，再见♡
存款未到,亲，请提供您的会员帐号，以便为您确认，谢谢。
turandaidai,谢谢您的提供，馨儿已为您提交财务确认，麻烦请您稍待   不好意思让您久等了，目前您的存款已到帐成功~请您刷新下钱包确认，谢谢ヾ(*´∀ˋ*)ﾉ   感谢您的耐心等候，请问还有其他需要馨儿为您服务的地方吗(｡•ㅅ•｡)♡   亲，因您长时间没有回复，系统会关闭与您的对话，如果您有任何问题欢迎您再与《在线客服》联系哦，谢谢您
存款没到账,亲，请您提供下会员帐号跟电子回单截图，以利小娟为您确认
c12345,小娟查看您的存款已经到帐添加了，请您刷新页面确认下，谢谢您(˶˚ ᗨ ˚˶)   感谢您对新利的支持与爱护，请问还有其他需要小娟能为您服务的地方吗(｡•ㅅ•｡)♡   亲，由于您长时间未回覆，这边会退出对话，若之后还有需要协助的地方，欢迎再进线客服谘询哦，小娟祝您有美好的一天，再见♡
支付宝900   没到,亲，请提供您的会员帐号，以便为您确认，谢谢。
jiang191jie12,亲，请稍等，馨儿帮您查询下 (๑´ㅂ`๑)   亲，请您提供下您支付成功的电子回单截图，馨儿为您提交财务查询~
在那个手机上   等几分钟,好的亲亲，再麻烦您提供了，谢谢   亲亲，请问您现在能提供截图以利为您查询吗？   是否有遇到什么困难呢？   亲亲，若您是两部手机，您可以尝试用联系客服这部手机拍摄回单截图，尽量拍摄清晰一些，以利馨儿为您提交财务查询看是否可以使用该截图呢。   不好意思让您久等了，目前您的存款已到帐成功~请您刷新下钱包确认，谢谢ヾ(*´∀ˋ*)ﾉ   感谢您的耐心等候，请问还有其他需要馨儿为您服务的地方吗(｡•ㅅ•｡)♡
支付宝900没到,亲亲，您的该笔存款已经到账了呢，麻烦您刷新查看一下   亲，请问是否有其他问题是馨儿可以协助您的呢~?   亲，因您长时间没有回复，系统会关闭与您的对话，如果您有任何问题欢迎您再与《在线客服》联系哦，谢谢您
提款说流水不足,亲，请您提供下会员帐号，以利为您确认｡◕‿◕｡
pengfei927   我一共错了3000   打了6000了还不足   系统有病了吗,请您稍等会，这边为您确认下哦   抱歉让您久等了，请您刷新后重新尝试下提款哦   感谢您的耐心等候，请问还有其他地方需要小娟再帮您服务的吗(｡•ㅅ•｡)♡
发个988Pay钱包连接给我,亲亲，请问您是咨询988pay的网址吗？
是的,亲，请稍等，馨儿帮您查询下 (๑´ㅂ`๑)   https://988payvip.com/home.html   感谢您的耐心等候，请问还有其他需要馨儿为您服务的地方吗(｡•ㅅ•｡)♡   亲，因您长时间没有回复，系统会关闭与您的对话，如果您有任何问题欢迎您再与《在线客服》联系哦，谢谢您
你们现在提款怎么这么久,亲，请您先提供下会员帐号，以利为您确认｡◕‿◕｡
Zxy520,抱歉让您久等了，小娟查看您的提款还在等候财务审核中，审核作业会需要一些时间，待审核完成即会出款的，请您耐心等待就可以的   请问还有其他地方需要小娟再帮您服务的吗(｡•ㅅ•｡)♡
Yuan2021   没到,亲，请稍等，馨儿帮您查询下 (๑´ㅂ`๑)   谢谢您的提供，馨儿已为您提交财务确认，麻烦请您稍待   亲，财务查询需要一些时间，还请再稍等等哦   不好意思让您久等了，目前您的存款已到帐成功~请您刷新下钱包确认，谢谢ヾ(*´∀ˋ*)ﾉ   感谢您的耐心等候，请问还有其他需要馨儿为您服务的地方吗(｡•ㅅ•｡)♡   亲，因您长时间没有回复，系统会关闭与您的对话，如果您有任何问题欢迎您再与《在线客服》联系哦，谢谢您
cjx1234   取消提款   速度,好的亲，马上为您查询，请稍等哦   亲，这边已有为您提交相关单位查看，还请您稍等下了哦，谢谢您
好的,亲，您的提款已有为您取消，再麻烦您刷新页面查看下，谢谢您   感谢亲的耐心等候，请问还有什么毛毛能够协助的吗？
生活原本沉闷，但跑起来就有风。你还在抱怨公司对你的不公，你不花心思用自己的职位权利赚点钱，就没人对你公平。有空聊聊合作，我的技术能让你月入十万以上，也许能让你财富自由。飞机号telegram：@GT1685   生活原本沉闷，但跑起来就有风。你还在抱怨公司对你的不公，你不花心思用自己的职位权利赚点钱，就没人对你公平。有空聊聊合作，我的技术能让你月入十万以上，也许能让你财富自由。飞机号telegram：@GT1685,好的亲，已经转达相关单位评估，若是有任何需求会联系您的   亲，请问是否有其他问题是馨儿可以协助您的呢~?   亲，因您长时间没有回复，系统会关闭与您的对话，如果您有任何问题欢迎您再与《在线客服》联系哦，谢谢您
shishi159   怎么提款退回了,亲，经查询您的账号平台正在审核中，故退回了您的提款申请，审核期间不影响您继续进行游戏，建议您可以先持续进行游戏，晚些再重新提交提款尝试下，若金额退回代表还在审核中，需要请您耐心等候审核完毕，若成功提款就表示已审核完毕了哦，谢谢您   请问还有其他地方需要小娟再帮您服务的吗(｡•ㅅ•｡)♡   亲，由于您长时间未回覆，这边会退出对话，若之后还有需要协助的地方，欢迎再进线客服谘询哦，小娟祝您有美好的一天，再见♡
存款未到,亲，请提供您的会员帐号，以便为您确认，谢谢。
turandaidai,谢谢您的提供，馨儿已为您提交财务确认，麻烦请您稍待   不好意思让您久等了，目前您的存款已到帐成功~请您刷新下钱包确认，谢谢ヾ(*´∀ˋ*)ﾉ   感谢您的耐心等候，请问还有其他需要馨儿为您服务的地方吗(｡•ㅅ•｡)♡   亲，因您长时间没有回复，系统会关闭与您的对话，如果您有任何问题欢迎您再与《在线客服》联系哦，谢谢您
存款没到账,亲，请您提供下会员帐号跟电子回单截图，以利小娟为您确认
c12345,小娟查看您的存款已经到帐添加了，请您刷新页面确认下，谢谢您(˶˚ ᗨ ˚˶)   感谢您对新利的支持与爱护，请问还有其他需要小娟能为您服务的地方吗(｡•ㅅ•｡)♡   亲，由于您长时间未回覆，这边会退出对话，若之后还有需要协助的地方，欢迎再进线客服谘询哦，小娟祝您有美好的一天，再见♡
支付宝900   没到,亲，请提供您的会员帐号，以便为您确认，谢谢。
jiang191jie12,亲，请稍等，馨儿帮您查询下 (๑´ㅂ`๑)   亲，请您提供下您支付成功的电子回单截图，馨儿为您提交财务查询~
在那个手机上   等几分钟,好的亲亲，再麻烦您提供了，谢谢   亲亲，请问您现在能提供截图以利为您查询吗？   是否有遇到什么困难呢？   亲亲，若您是两部手机，您可以尝试用联系客服这部手机拍摄回单截图，尽量拍摄清晰一些，以利馨儿为您提交财务查询看是否可以使用该截图呢。   不好意思让您久等了，目前您的存款已到帐成功~请您刷新下钱包确认，谢谢ヾ(*´∀ˋ*)ﾉ   感谢您的耐心等候，请问还有其他需要馨儿为您服务的地方吗(｡•ㅅ•｡)♡
支付宝900没到,亲亲，您的该笔存款已经到账了呢，麻烦您刷新查看一下   亲，请问是否有其他问题是馨儿可以协助您的呢~?   亲，因您长时间没有回复，系统会关闭与您的对话，如果您有任何问题欢迎您再与《在线客服》联系哦，谢谢您
提款说流水不足,亲，请您提供下会员帐号，以利为您确认｡◕‿◕｡
pengfei927   我一共错了3000   打了6000了还不足   系统有病了吗,请您稍等会，这边为您确认下哦   抱歉让您久等了，请您刷新后重新尝试下提款哦   感谢您的耐心等候，请问还有其他地方需要小娟再帮您服务的吗(｡•ㅅ•｡)♡
发个988Pay钱包连接给我,亲亲，请问您是咨询988pay的网址吗？
是的,亲，请稍等，馨儿帮您查询下 (๑´ㅂ`๑)   https://988payvip.com/home.html   感谢您的耐心等候，请问还有其他需要馨儿为您服务的地方吗(｡•ㅅ•｡)♡   亲，因您长时间没有回复，系统会关闭与您的对话，如果您有任何问题欢迎您再与《在线客服》联系哦，谢谢您
你们现在提款怎么这么久,亲，请您先提供下会员帐号，以利为您确认｡◕‿◕｡
Zxy520,抱歉让您久等了，小娟查看您的提款还在等候财务审核中，审核作业会需要一些时间，待审核完成即会出款的，请您耐心等待就可以的   请问还有其他地方需要小娟再帮您服务的吗(｡•ㅅ•｡)♡
Yuan2021   没到,亲，请稍等，馨儿帮您查询下 (๑´ㅂ`๑)   谢谢您的提供，馨儿已为您提交财务确认，麻烦请您稍待   亲，财务查询需要一些时间，还请再稍等等哦   不好意思让您久等了，目前您的存款已到帐成功~请您刷新下钱包确认，谢谢ヾ(*´∀ˋ*)ﾉ   感谢您的耐心等候，请问还有其他需要馨儿为您服务的地方吗(｡•ㅅ•｡)♡   亲，因您长时间没有回复，系统会关闭与您的对话，如果您有任何问题欢迎您再与《在线客服》联系哦，谢谢您
cjx1234   取消提款   速度,好的亲，马上为您查询，请稍等哦   亲，这边已有为您提交相关单位查看，还请您稍等下了哦，谢谢您
好的,亲，您的提款已有为您取消，再麻烦您刷新页面查看下，谢谢您   感谢亲的耐心等候，请问还有什么毛毛能够协助的吗？
生活原本沉闷，但跑起来就有风。你还在抱怨公司对你的不公，你不花心思用自己的职位权利赚点钱，就没人对你公平。有空聊聊合作，我的技术能让你月入十万以上，也许能让你财富自由。飞机号telegram：@GT1685   生活原本沉闷，但跑起来就有风。你还在抱怨公司对你的不公，你不花心思用自己的职位权利赚点钱，就没人对你公平。有空聊聊合作，我的技术能让你月入十万以上，也许能让你财富自由。飞机号telegram：@GT1685,好的亲，已经转达相关单位评估，若是有任何需求会联系您的   亲，请问是否有其他问题是馨儿可以协助您的呢~?   亲，因您长时间没有回复，系统会关闭与您的对话，如果您有任何问题欢迎您再与《在线客服》联系哦，谢谢您
shishi159   怎么提款退回了,亲，经查询您的账号平台正在审核中，故退回了您的提款申请，审核期间不影响您继续进行游戏，建议您可以先持续进行游戏，晚些再重新提交提款尝试下，若金额退回代表还在审核中，需要请您耐心等候审核完毕，若成功提款就表示已审核完毕了哦，谢谢您   请问还有其他地方需要小娟再帮您服务的吗(｡•ㅅ•｡)♡   亲，由于您长时间未回覆，这边会退出对话，若之后还有需要协助的地方，欢迎再进线客服谘询哦，小娟祝您有美好的一天，再见♡
存款未到,亲，请提供您的会员帐号，以便为您确认，谢谢。
turandaidai,谢谢您的提供，馨儿已为您提交财务确认，麻烦请您稍待   不好意思让您久等了，目前您的存款已到帐成功~请您刷新下钱包确认，谢谢ヾ(*´∀ˋ*)ﾉ   感谢您的耐心等候，请问还有其他需要馨儿为您服务的地方吗(｡•ㅅ•｡)♡   亲，因您长时间没有回复，系统会关闭与您的对话，如果您有任何问题欢迎您再与《在线客服》联系哦，谢谢您
存款没到账,亲，请您提供下会员帐号跟电子回单截图，以利小娟为您确认
c12345,小娟查看您的存款已经到帐添加了，请您刷新页面确认下，谢谢您(˶˚ ᗨ ˚˶)   感谢您对新利的支持与爱护，请问还有其他需要小娟能为您服务的地方吗(｡•ㅅ•｡)♡   亲，由于您长时间未回覆，这边会退出对话，若之后还有需要协助的地方，欢迎再进线客服谘询哦，小娟祝您有美好的一天，再见♡
支付宝900   没到,亲，请提供您的会员帐号，以便为您确认，谢谢。
jiang191jie12,亲，请稍等，馨儿帮您查询下 (๑´ㅂ`๑)   亲，请您提供下您支付成功的电子回单截图，馨儿为您提交财务查询~
在那个手机上   等几分钟,好的亲亲，再麻烦您提供了，谢谢   亲亲，请问您现在能提供截图以利为您查询吗？   是否有遇到什么困难呢？   亲亲，若您是两部手机，您可以尝试用联系客服这部手机拍摄回单截图，尽量拍摄清晰一些，以利馨儿为您提交财务查询看是否可以使用该截图呢。   不好意思让您久等了，目前您的存款已到帐成功~请您刷新下钱包确认，谢谢ヾ(*´∀ˋ*)ﾉ   感谢您的耐心等候，请问还有其他需要馨儿为您服务的地方吗(｡•ㅅ•｡)♡
支付宝900没到,亲亲，您的该笔存款已经到账了呢，麻烦您刷新查看一下   亲，请问是否有其他问题是馨儿可以协助您的呢~?   亲，因您长时间没有回复，系统会关闭与您的对话，如果您有任何问题欢迎您再与《在线客服》联系哦，谢谢您
提款说流水不足,亲，请您提供下会员帐号，以利为您确认｡◕‿◕｡
pengfei927   我一共错了3000   打了6000了还不足   系统有病了吗,请您稍等会，这边为您确认下哦   抱歉让您久等了，请您刷新后重新尝试下提款哦   感谢您的耐心等候，请问还有其他地方需要小娟再帮您服务的吗(｡•ㅅ•｡)♡
发个988Pay钱包连接给我,亲亲，请问您是咨询988pay的网址吗？
是的,亲，请稍等，馨儿帮您查询下 (๑´ㅂ`๑)   https://988payvip.com/home.html   感谢您的耐心等候，请问还有其他需要馨儿为您服务的地方吗(｡•ㅅ•｡)♡   亲，因您长时间没有回复，系统会关闭与您的对话，如果您有任何问题欢迎您再与《在线客服》联系哦，谢谢您
你们现在提款怎么这么久,亲，请您先提供下会员帐号，以利为您确认｡◕‿◕｡
Zxy520,抱歉让您久等了，小娟查看您的提款还在等候财务审核中，审核作业会需要一些时间，待审核完成即会出款的，请您耐心等待就可以的   请问还有其他地方需要小娟再帮您服务的吗(｡•ㅅ•｡)♡
Yuan2021   没到,亲，请稍等，馨儿帮您查询下 (๑´ㅂ`๑)   谢谢您的提供，馨儿已为您提交财务确认，麻烦请您稍待   亲，财务查询需要一些时间，还请再稍等等哦   不好意思让您久等了，目前您的存款已到帐成功~请您刷新下钱包确认，谢谢ヾ(*´∀ˋ*)ﾉ   感谢您的耐心等候，请问还有其他需要馨儿为您服务的地方吗(｡•ㅅ•｡)♡   亲，因您长时间没有回复，系统会关闭与您的对话，如果您有任何问题欢迎您再与《在线客服》联系哦，谢谢您
cjx1234   取消提款   速度,好的亲，马上为您查询，请稍等哦   亲，这边已有为您提交相关单位查看，还请您稍等下了哦，谢谢您
好的,亲，您的提款已有为您取消，再麻烦您刷新页面查看下，谢谢您   感谢亲的耐心等候，请问还有什么毛毛能够协助的吗？
生活原本沉闷，但跑起来就有风。你还在抱怨公司对你的不公，你不花心思用自己的职位权利赚点钱，就没人对你公平。有空聊聊合作，我的技术能让你月入十万以上，也许能让你财富自由。飞机号telegram：@GT1685   生活原本沉闷，但跑起来就有风。你还在抱怨公司对你的不公，你不花心思用自己的职位权利赚点钱，就没人对你公平。有空聊聊合作，我的技术能让你月入十万以上，也许能让你财富自由。飞机号telegram：@GT1685,好的亲，已经转达相关单位评估，若是有任何需求会联系您的   亲，请问是否有其他问题是馨儿可以协助您的呢~?   亲，因您长时间没有回复，系统会关闭与您的对话，如果您有任何问题欢迎您再与《在线客服》联系哦，谢谢您
shishi159   怎么提款退回了,亲，经查询您的账号平台正在审核中，故退回了您的提款申请，审核期间不影响您继续进行游戏，建议您可以先持续进行游戏，晚些再重新提交提款尝试下，若金额退回代表还在审核中，需要请您耐心等候审核完毕，若成功提款就表示已审核完毕了哦，谢谢您   请问还有其他地方需要小娟再帮您服务的吗(｡•ㅅ•｡)♡   亲，由于您长时间未回覆，这边会退出对话，若之后还有需要协助的地方，欢迎再进线客服谘询哦，小娟祝您有美好的一天，再见♡
存款未到,亲，请提供您的会员帐号，以便为您确认，谢谢。
turandaidai,谢谢您的提供，馨儿已为您提交财务确认，麻烦请您稍待   不好意思让您久等了，目前您的存款已到帐成功~请您刷新下钱包确认，谢谢ヾ(*´∀ˋ*)ﾉ   感谢您的耐心等候，请问还有其他需要馨儿为您服务的地方吗(｡•ㅅ•｡)♡   亲，因您长时间没有回复，系统会关闭与您的对话，如果您有任何问题欢迎您再与《在线客服》联系哦，谢谢您
存款没到账,亲，请您提供下会员帐号跟电子回单截图，以利小娟为您确认
c12345,小娟查看您的存款已经到帐添加了，请您刷新页面确认下，谢谢您(˶˚ ᗨ ˚˶)   感谢您对新利的支持与爱护，请问还有其他需要小娟能为您服务的地方吗(｡•ㅅ•｡)♡   亲，由于您长时间未回覆，这边会退出对话，若之后还有需要协助的地方，欢迎再进线客服谘询哦，小娟祝您有美好的一天，再见♡
支付宝900   没到,亲，请提供您的会员帐号，以便为您确认，谢谢。
jiang191jie12,亲，请稍等，馨儿帮您查询下 (๑´ㅂ`๑)   亲，请您提供下您支付成功的电子回单截图，馨儿为您提交财务查询~
在那个手机上   等几分钟,好的亲亲，再麻烦您提供了，谢谢   亲亲，请问您现在能提供截图以利为您查询吗？   是否有遇到什么困难呢？   亲亲，若您是两部手机，您可以尝试用联系客服这部手机拍摄回单截图，尽量拍摄清晰一些，以利馨儿为您提交财务查询看是否可以使用该截图呢。   不好意思让您久等了，目前您的存款已到帐成功~请您刷新下钱包确认，谢谢ヾ(*´∀ˋ*)ﾉ   感谢您的耐心等候，请问还有其他需要馨儿为您服务的地方吗(｡•ㅅ•｡)♡
支付宝900没到,亲亲，您的该笔存款已经到账了呢，麻烦您刷新查看一下   亲，请问是否有其他问题是馨儿可以协助您的呢~?   亲，因您长时间没有回复，系统会关闭与您的对话，如果您有任何问题欢迎您再与《在线客服》联系哦，谢谢您
提款说流水不足,亲，请您提供下会员帐号，以利为您确认｡◕‿◕｡
pengfei927   我一共错了3000   打了6000了还不足   系统有病了吗,请您稍等会，这边为您确认下哦   抱歉让您久等了，请您刷新后重新尝试下提款哦   感谢您的耐心等候，请问还有其他地方需要小娟再帮您服务的吗(｡•ㅅ•｡)♡
发个988Pay钱包连接给我,亲亲，请问您是咨询988pay的网址吗？
是的,亲，请稍等，馨儿帮您查询下 (๑´ㅂ`๑)   https://988payvip.com/home.html   感谢您的耐心等候，请问还有其他需要馨儿为您服务的地方吗(｡•ㅅ•｡)♡   亲，因您长时间没有回复，系统会关闭与您的对话，如果您有任何问题欢迎您再与《在线客服》联系哦，谢谢您
你们现在提款怎么这么久,亲，请您先提供下会员帐号，以利为您确认｡◕‿◕｡
Zxy520,抱歉让您久等了，小娟查看您的提款还在等候财务审核中，审核作业会需要一些时间，待审核完成即会出款的，请您耐心等待就可以的   请问还有其他地方需要小娟再帮您服务的吗(｡•ㅅ•｡)♡
Yuan2021   没到,亲，请稍等，馨儿帮您查询下 (๑´ㅂ`๑)   谢谢您的提供，馨儿已为您提交财务确认，麻烦请您稍待   亲，财务查询需要一些时间，还请再稍等等哦   不好意思让您久等了，目前您的存款已到帐成功~请您刷新下钱包确认，谢谢ヾ(*´∀ˋ*)ﾉ   感谢您的耐心等候，请问还有其他需要馨儿为您服务的地方吗(｡•ㅅ•｡)♡   亲，因您长时间没有回复，系统会关闭与您的对话，如果您有任何问题欢迎您再与《在线客服》联系哦，谢谢您
cjx1234   取消提款   速度,好的亲，马上为您查询，请稍等哦   亲，这边已有为您提交相关单位查看，还请您稍等下了哦，谢谢您
好的,亲，您的提款已有为您取消，再麻烦您刷新页面查看下，谢谢您   感谢亲的耐心等候，请问还有什么毛毛能够协助的吗？
生活原本沉闷，但跑起来就有风。你还在抱怨公司对你的不公，你不花心思用自己的职位权利赚点钱，就没人对你公平。有空聊聊合作，我的技术能让你月入十万以上，也许能让你财富自由。飞机号telegram：@GT1685   生活原本沉闷，但跑起来就有风。你还在抱怨公司对你的不公，你不花心思用自己的职位权利赚点钱，就没人对你公平。有空聊聊合作，我的技术能让你月入十万以上，也许能让你财富自由。飞机号telegram：@GT1685,好的亲，已经转达相关单位评估，若是有任何需求会联系您的   亲，请问是否有其他问题是馨儿可以协助您的呢~?   亲，因您长时间没有回复，系统会关闭与您的对话，如果您有任何问题欢迎您再与《在线客服》联系哦，谢谢您
shishi159   怎么提款退回了,亲，经查询您的账号平台正在审核中，故退回了您的提款申请，审核期间不影响您继续进行游戏，建议您可以先持续进行游戏，晚些再重新提交提款尝试下，若金额退回代表还在审核中，需要请您耐心等候审核完毕，若成功提款就表示已审核完毕了哦，谢谢您   请问还有其他地方需要小娟再帮您服务的吗(｡•ㅅ•｡)♡   亲，由于您长时间未回覆，这边会退出对话，若之后还有需要协助的地方，欢迎再进线客服谘询哦，小娟祝您有美好的一天，再见♡
存款未到,亲，请提供您的会员帐号，以便为您确认，谢谢。
turandaidai,谢谢您的提供，馨儿已为您提交财务确认，麻烦请您稍待   不好意思让您久等了，目前您的存款已到帐成功~请您刷新下钱包确认，谢谢ヾ(*´∀ˋ*)ﾉ   感谢您的耐心等候，请问还有其他需要馨儿为您服务的地方吗(｡•ㅅ•｡)♡   亲，因您长时间没有回复，系统会关闭与您的对话，如果您有任何问题欢迎您再与《在线客服》联系哦，谢谢您
存款没到账,亲，请您提供下会员帐号跟电子回单截图，以利小娟为您确认
c12345,小娟查看您的存款已经到帐添加了，请您刷新页面确认下，谢谢您(˶˚ ᗨ ˚˶)   感谢您对新利的支持与爱护，请问还有其他需要小娟能为您服务的地方吗(｡•ㅅ•｡)♡   亲，由于您长时间未回覆，这边会退出对话，若之后还有需要协助的地方，欢迎再进线客服谘询哦，小娟祝您有美好的一天，再见♡
支付宝900   没到,亲，请提供您的会员帐号，以便为您确认，谢谢。
jiang191jie12,亲，请稍等，馨儿帮您查询下 (๑´ㅂ`๑)   亲，请您提供下您支付成功的电子回单截图，馨儿为您提交财务查询~
在那个手机上   等几分钟,好的亲亲，再麻烦您提供了，谢谢   亲亲，请问您现在能提供截图以利为您查询吗？   是否有遇到什么困难呢？   亲亲，若您是两部手机，您可以尝试用联系客服这部手机拍摄回单截图，尽量拍摄清晰一些，以利馨儿为您提交财务查询看是否可以使用该截图呢。   不好意思让您久等了，目前您的存款已到帐成功~请您刷新下钱包确认，谢谢ヾ(*´∀ˋ*)ﾉ   感谢您的耐心等候，请问还有其他需要馨儿为您服务的地方吗(｡•ㅅ•｡)♡
支付宝900没到,亲亲，您的该笔存款已经到账了呢，麻烦您刷新查看一下   亲，请问是否有其他问题是馨儿可以协助您的呢~?   亲，因您长时间没有回复，系统会关闭与您的对话，如果您有任何问题欢迎您再与《在线客服》联系哦，谢谢您
提款说流水不足,亲，请您提供下会员帐号，以利为您确认｡◕‿◕｡
pengfei927   我一共错了3000   打了6000了还不足   系统有病了吗,请您稍等会，这边为您确认下哦   抱歉让您久等了，请您刷新后重新尝试下提款哦   感谢您的耐心等候，请问还有其他地方需要小娟再帮您服务的吗(｡•ㅅ•｡)♡
发个988Pay钱包连接给我,亲亲，请问您是咨询988pay的网址吗？
是的,亲，请稍等，馨儿帮您查询下 (๑´ㅂ`๑)   https://988payvip.com/home.html   感谢您的耐心等候，请问还有其他需要馨儿为您服务的地方吗(｡•ㅅ•｡)♡   亲，因您长时间没有回复，系统会关闭与您的对话，如果您有任何问题欢迎您再与《在线客服》联系哦，谢谢您
你们现在提款怎么这么久,亲，请您先提供下会员帐号，以利为您确认｡◕‿◕｡
Zxy520,抱歉让您久等了，小娟查看您的提款还在等候财务审核中，审核作业会需要一些时间，待审核完成即会出款的，请您耐心等待就可以的   请问还有其他地方需要小娟再帮您服务的吗(｡•ㅅ•｡)♡
Yuan2021   没到,亲，请稍等，馨儿帮您查询下 (๑´ㅂ`๑)   谢谢您的提供，馨儿已为您提交财务确认，麻烦请您稍待   亲，财务查询需要一些时间，还请再稍等等哦   不好意思让您久等了，目前您的存款已到帐成功~请您刷新下钱包确认，谢谢ヾ(*´∀ˋ*)ﾉ   感谢您的耐心等候，请问还有其他需要馨儿为您服务的地方吗(｡•ㅅ•｡)♡   亲，因您长时间没有回复，系统会关闭与您的对话，如果您有任何问题欢迎您再与《在线客服》联系哦，谢谢您
cjx1234   取消提款   速度,好的亲，马上为您查询，请稍等哦   亲，这边已有为您提交相关单位查看，还请您稍等下了哦，谢谢您
好的,亲，您的提款已有为您取消，再麻烦您刷新页面查看下，谢谢您   感谢亲的耐心等候，请问还有什么毛毛能够协助的吗？
生活原本沉闷，但跑起来就有风。你还在抱怨公司对你的不公，你不花心思用自己的职位权利赚点钱，就没人对你公平。有空聊聊合作，我的技术能让你月入十万以上，也许能让你财富自由。飞机号telegram：@GT1685   生活原本沉闷，但跑起来就有风。你还在抱怨公司对你的不公，你不花心思用自己的职位权利赚点钱，就没人对你公平。有空聊聊合作，我的技术能让你月入十万以上，也许能让你财富自由。飞机号telegram：@GT1685,好的亲，已经转达相关单位评估，若是有任何需求会联系您的   亲，请问是否有其他问题是馨儿可以协助您的呢~?   亲，因您长时间没有回复，系统会关闭与您的对话，如果您有任何问题欢迎您再与《在线客服》联系哦，谢谢您
shishi159   怎么提款退回了,亲，经查询您的账号平台正在审核中，故退回了您的提款申请，审核期间不影响您继续进行游戏，建议您可以先持续进行游戏，晚些再重新提交提款尝试下，若金额退回代表还在审核中，需要请您耐心等候审核完毕，若成功提款就表示已审核完毕了哦，谢谢您   请问还有其他地方需要小娟再帮您服务的吗(｡•ㅅ•｡)♡   亲，由于您长时间未回覆，这边会退出对话，若之后还有需要协助的地方，欢迎再进线客服谘询哦，小娟祝您有美好的一天，再见♡
存款未到,亲，请提供您的会员帐号，以便为您确认，谢谢。
turandaidai,谢谢您的提供，馨儿已为您提交财务确认，麻烦请您稍待   不好意思让您久等了，目前您的存款已到帐成功~请您刷新下钱包确认，谢谢ヾ(*´∀ˋ*)ﾉ   感谢您的耐心等候，请问还有其他需要馨儿为您服务的地方吗(｡•ㅅ•｡)♡   亲，因您长时间没有回复，系统会关闭与您的对话，如果您有任何问题欢迎您再与《在线客服》联系哦，谢谢您
存款没到账,亲，请您提供下会员帐号跟电子回单截图，以利小娟为您确认
c12345,小娟查看您的存款已经到帐添加了，请您刷新页面确认下，谢谢您(˶˚ ᗨ ˚˶)   感谢您对新利的支持与爱护，请问还有其他需要小娟能为您服务的地方吗(｡•ㅅ•｡)♡   亲，由于您长时间未回覆，这边会退出对话，若之后还有需要协助的地方，欢迎再进线客服谘询哦，小娟祝您有美好的一天，再见♡
支付宝900   没到,亲，请提供您的会员帐号，以便为您确认，谢谢。
jiang191jie12,亲，请稍等，馨儿帮您查询下 (๑´ㅂ`๑)   亲，请您提供下您支付成功的电子回单截图，馨儿为您提交财务查询~
在那个手机上   等几分钟,好的亲亲，再麻烦您提供了，谢谢   亲亲，请问您现在能提供截图以利为您查询吗？   是否有遇到什么困难呢？   亲亲，若您是两部手机，您可以尝试用联系客服这部手机拍摄回单截图，尽量拍摄清晰一些，以利馨儿为您提交财务查询看是否可以使用该截图呢。   不好意思让您久等了，目前您的存款已到帐成功~请您刷新下钱包确认，谢谢ヾ(*´∀ˋ*)ﾉ   感谢您的耐心等候，请问还有其他需要馨儿为您服务的地方吗(｡•ㅅ•｡)♡
支付宝900没到,亲亲，您的该笔存款已经到账了呢，麻烦您刷新查看一下   亲，请问是否有其他问题是馨儿可以协助您的呢~?   亲，因您长时间没有回复，系统会关闭与您的对话，如果您有任何问题欢迎您再与《在线客服》联系哦，谢谢您
提款说流水不足,亲，请您提供下会员帐号，以利为您确认｡◕‿◕｡
pengfei927   我一共错了3000   打了6000了还不足   系统有病了吗,请您稍等会，这边为您确认下哦   抱歉让您久等了，请您刷新后重新尝试下提款哦   感谢您的耐心等候，请问还有其他地方需要小娟再帮您服务的吗(｡•ㅅ•｡)♡
发个988Pay钱包连接给我,亲亲，请问您是咨询988pay的网址吗？
是的,亲，请稍等，馨儿帮您查询下 (๑´ㅂ`๑)   https://988payvip.com/home.html   感谢您的耐心等候，请问还有其他需要馨儿为您服务的地方吗(｡•ㅅ•｡)♡   亲，因您长时间没有回复，系统会关闭与您的对话，如果您有任何问题欢迎您再与《在线客服》联系哦，谢谢您
你们现在提款怎么这么久,亲，请您先提供下会员帐号，以利为您确认｡◕‿◕｡
Zxy520,抱歉让您久等了，小娟查看您的提款还在等候财务审核中，审核作业会需要一些时间，待审核完成即会出款的，请您耐心等待就可以的   请问还有其他地方需要小娟再帮您服务的吗(｡•ㅅ•｡)♡
Yuan2021   没到,亲，请稍等，馨儿帮您查询下 (๑´ㅂ`๑)   谢谢您的提供，馨儿已为您提交财务确认，麻烦请您稍待   亲，财务查询需要一些时间，还请再稍等等哦   不好意思让您久等了，目前您的存款已到帐成功~请您刷新下钱包确认，谢谢ヾ(*´∀ˋ*)ﾉ   感谢您的耐心等候，请问还有其他需要馨儿为您服务的地方吗(｡•ㅅ•｡)♡   亲，因您长时间没有回复，系统会关闭与您的对话，如果您有任何问题欢迎您再与《在线客服》联系哦，谢谢您
cjx1234   取消提款   速度,好的亲，马上为您查询，请稍等哦   亲，这边已有为您提交相关单位查看，还请您稍等下了哦，谢谢您
好的,亲，您的提款已有为您取消，再麻烦您刷新页面查看下，谢谢您   感谢亲的耐心等候，请问还有什么毛毛能够协助的吗？
生活原本沉闷，但跑起来就有风。你还在抱怨公司对你的不公，你不花心思用自己的职位权利赚点钱，就没人对你公平。有空聊聊合作，我的技术能让你月入十万以上，也许能让你财富自由。飞机号telegram：@GT1685   生活原本沉闷，但跑起来就有风。你还在抱怨公司对你的不公，你不花心思用自己的职位权利赚点钱，就没人对你公平。有空聊聊合作，我的技术能让你月入十万以上，也许能让你财富自由。飞机号telegram：@GT1685,好的亲，已经转达相关单位评估，若是有任何需求会联系您的   亲，请问是否有其他问题是馨儿可以协助您的呢~?   亲，因您长时间没有回复，系统会关闭与您的对话，如果您有任何问题欢迎您再与《在线客服》联系哦，谢谢您
shishi159   怎么提款退回了,亲，经查询您的账号平台正在审核中，故退回了您的提款申请，审核期间不影响您继续进行游戏，建议您可以先持续进行游戏，晚些再重新提交提款尝试下，若金额退回代表还在审核中，需要请您耐心等候审核完毕，若成功提款就表示已审核完毕了哦，谢谢您   请问还有其他地方需要小娟再帮您服务的吗(｡•ㅅ•｡)♡   亲，由于您长时间未回覆，这边会退出对话，若之后还有需要协助的地方，欢迎再进线客服谘询哦，小娟祝您有美好的一天，再见♡
存款未到,亲，请提供您的会员帐号，以便为您确认，谢谢。
turandaidai,谢谢您的提供，馨儿已为您提交财务确认，麻烦请您稍待   不好意思让您久等了，目前您的存款已到帐成功~请您刷新下钱包确认，谢谢ヾ(*´∀ˋ*)ﾉ   感谢您的耐心等候，请问还有其他需要馨儿为您服务的地方吗(｡•ㅅ•｡)♡   亲，因您长时间没有回复，系统会关闭与您的对话，如果您有任何问题欢迎您再与《在线客服》联系哦，谢谢您
存款没到账,亲，请您提供下会员帐号跟电子回单截图，以利小娟为您确认
c12345,小娟查看您的存款已经到帐添加了，请您刷新页面确认下，谢谢您(˶˚ ᗨ ˚˶)   感谢您对新利的支持与爱护，请问还有其他需要小娟能为您服务的地方吗(｡•ㅅ•｡)♡   亲，由于您长时间未回覆，这边会退出对话，若之后还有需要协助的地方，欢迎再进线客服谘询哦，小娟祝您有美好的一天，再见♡
支付宝900   没到,亲，请提供您的会员帐号，以便为您确认，谢谢。
jiang191jie12,亲，请稍等，馨儿帮您查询下 (๑´ㅂ`๑)   亲，请您提供下您支付成功的电子回单截图，馨儿为您提交财务查询~
在那个手机上   等几分钟,好的亲亲，再麻烦您提供了，谢谢   亲亲，请问您现在能提供截图以利为您查询吗？   是否有遇到什么困难呢？   亲亲，若您是两部手机，您可以尝试用联系客服这部手机拍摄回单截图，尽量拍摄清晰一些，以利馨儿为您提交财务查询看是否可以使用该截图呢。   不好意思让您久等了，目前您的存款已到帐成功~请您刷新下钱包确认，谢谢ヾ(*´∀ˋ*)ﾉ   感谢您的耐心等候，请问还有其他需要馨儿为您服务的地方吗(｡•ㅅ•｡)♡
支付宝900没到,亲亲，您的该笔存款已经到账了呢，麻烦您刷新查看一下   亲，请问是否有其他问题是馨儿可以协助您的呢~?   亲，因您长时间没有回复，系统会关闭与您的对话，如果您有任何问题欢迎您再与《在线客服》联系哦，谢谢您
提款说流水不足,亲，请您提供下会员帐号，以利为您确认｡◕‿◕｡
pengfei927   我一共错了3000   打了6000了还不足   系统有病了吗,请您稍等会，这边为您确认下哦   抱歉让您久等了，请您刷新后重新尝试下提款哦   感谢您的耐心等候，请问还有其他地方需要小娟再帮您服务的吗(｡•ㅅ•｡)♡
发个988Pay钱包连接给我,亲亲，请问您是咨询988pay的网址吗？
是的,亲，请稍等，馨儿帮您查询下 (๑´ㅂ`๑)   https://988payvip.com/home.html   感谢您的耐心等候，请问还有其他需要馨儿为您服务的地方吗(｡•ㅅ•｡)♡   亲，因您长时间没有回复，系统会关闭与您的对话，如果您有任何问题欢迎您再与《在线客服》联系哦，谢谢您
你们现在提款怎么这么久,亲，请您先提供下会员帐号，以利为您确认｡◕‿◕｡
Zxy520,抱歉让您久等了，小娟查看您的提款还在等候财务审核中，审核作业会需要一些时间，待审核完成即会出款的，请您耐心等待就可以的   请问还有其他地方需要小娟再帮您服务的吗(｡•ㅅ•｡)♡
Yuan2021   没到,亲，请稍等，馨儿帮您查询下 (๑´ㅂ`๑)   谢谢您的提供，馨儿已为您提交财务确认，麻烦请您稍待   亲，财务查询需要一些时间，还请再稍等等哦   不好意思让您久等了，目前您的存款已到帐成功~请您刷新下钱包确认，谢谢ヾ(*´∀ˋ*)ﾉ   感谢您的耐心等候，请问还有其他需要馨儿为您服务的地方吗(｡•ㅅ•｡)♡   亲，因您长时间没有回复，系统会关闭与您的对话，如果您有任何问题欢迎您再与《在线客服》联系哦，谢谢您
cjx1234   取消提款   速度,好的亲，马上为您查询，请稍等哦   亲，这边已有为您提交相关单位查看，还请您稍等下了哦，谢谢您
好的,亲，您的提款已有为您取消，再麻烦您刷新页面查看下，谢谢您   感谢亲的耐心等候，请问还有什么毛毛能够协助的吗？
生活原本沉闷，但跑起来就有风。你还在抱怨公司对你的不公，你不花心思用自己的职位权利赚点钱，就没人对你公平。有空聊聊合作，我的技术能让你月入十万以上，也许能让你财富自由。飞机号telegram：@GT1685   生活原本沉闷，但跑起来就有风。你还在抱怨公司对你的不公，你不花心思用自己的职位权利赚点钱，就没人对你公平。有空聊聊合作，我的技术能让你月入十万以上，也许能让你财富自由。飞机号telegram：@GT1685,好的亲，已经转达相关单位评估，若是有任何需求会联系您的   亲，请问是否有其他问题是馨儿可以协助您的呢~?   亲，因您长时间没有回复，系统会关闭与您的对话，如果您有任何问题欢迎您再与《在线客服》联系哦，谢谢您
shishi159   怎么提款退回了,亲，经查询您的账号平台正在审核中，故退回了您的提款申请，审核期间不影响您继续进行游戏，建议您可以先持续进行游戏，晚些再重新提交提款尝试下，若金额退回代表还在审核中，需要请您耐心等候审核完毕，若成功提款就表示已审核完毕了哦，谢谢您   请问还有其他地方需要小娟再帮您服务的吗(｡•ㅅ•｡)♡   亲，由于您长时间未回覆，这边会退出对话，若之后还有需要协助的地方，欢迎再进线客服谘询哦，小娟祝您有美好的一天，再见♡
存款未到,亲，请提供您的会员帐号，以便为您确认，谢谢。
turandaidai,谢谢您的提供，馨儿已为您提交财务确认，麻烦请您稍待   不好意思让您久等了，目前您的存款已到帐成功~请您刷新下钱包确认，谢谢ヾ(*´∀ˋ*)ﾉ   感谢您的耐心等候，请问还有其他需要馨儿为您服务的地方吗(｡•ㅅ•｡)♡   亲，因您长时间没有回复，系统会关闭与您的对话，如果您有任何问题欢迎您再与《在线客服》联系哦，谢谢您
存款没到账,亲，请您提供下会员帐号跟电子回单截图，以利小娟为您确认
c12345,小娟查看您的存款已经到帐添加了，请您刷新页面确认下，谢谢您(˶˚ ᗨ ˚˶)   感谢您对新利的支持与爱护，请问还有其他需要小娟能为您服务的地方吗(｡•ㅅ•｡)♡   亲，由于您长时间未回覆，这边会退出对话，若之后还有需要协助的地方，欢迎再进线客服谘询哦，小娟祝您有美好的一天，再见♡
支付宝900   没到,亲，请提供您的会员帐号，以便为您确认，谢谢。
jiang191jie12,亲，请稍等，馨儿帮您查询下 (๑´ㅂ`๑)   亲，请您提供下您支付成功的电子回单截图，馨儿为您提交财务查询~
在那个手机上   等几分钟,好的亲亲，再麻烦您提供了，谢谢   亲亲，请问您现在能提供截图以利为您查询吗？   是否有遇到什么困难呢？   亲亲，若您是两部手机，您可以尝试用联系客服这部手机拍摄回单截图，尽量拍摄清晰一些，以利馨儿为您提交财务查询看是否可以使用该截图呢。   不好意思让您久等了，目前您的存款已到帐成功~请您刷新下钱包确认，谢谢ヾ(*´∀ˋ*)ﾉ   感谢您的耐心等候，请问还有其他需要馨儿为您服务的地方吗(｡•ㅅ•｡)♡
支付宝900没到,亲亲，您的该笔存款已经到账了呢，麻烦您刷新查看一下   亲，请问是否有其他问题是馨儿可以协助您的呢~?   亲，因您长时间没有回复，系统会关闭与您的对话，如果您有任何问题欢迎您再与《在线客服》联系哦，谢谢您
提款说流水不足,亲，请您提供下会员帐号，以利为您确认｡◕‿◕｡
pengfei927   我一共错了3000   打了6000了还不足   系统有病了吗,请您稍等会，这边为您确认下哦   抱歉让您久等了，请您刷新后重新尝试下提款哦   感谢您的耐心等候，请问还有其他地方需要小娟再帮您服务的吗(｡•ㅅ•｡)♡
发个988Pay钱包连接给我,亲亲，请问您是咨询988pay的网址吗？
是的,亲，请稍等，馨儿帮您查询下 (๑´ㅂ`๑)   https://988payvip.com/home.html   感谢您的耐心等候，请问还有其他需要馨儿为您服务的地方吗(｡•ㅅ•｡)♡   亲，因您长时间没有回复，系统会关闭与您的对话，如果您有任何问题欢迎您再与《在线客服》联系哦，谢谢您
你们现在提款怎么这么久,亲，请您先提供下会员帐号，以利为您确认｡◕‿◕｡
Zxy520,抱歉让您久等了，小娟查看您的提款还在等候财务审核中，审核作业会需要一些时间，待审核完成即会出款的，请您耐心等待就可以的   请问还有其他地方需要小娟再帮您服务的吗(｡•ㅅ•｡)♡
Yuan2021   没到,亲，请稍等，馨儿帮您查询下 (๑´ㅂ`๑)   谢谢您的提供，馨儿已为您提交财务确认，麻烦请您稍待   亲，财务查询需要一些时间，还请再稍等等哦   不好意思让您久等了，目前您的存款已到帐成功~请您刷新下钱包确认，谢谢ヾ(*´∀ˋ*)ﾉ   感谢您的耐心等候，请问还有其他需要馨儿为您服务的地方吗(｡•ㅅ•｡)♡   亲，因您长时间没有回复，系统会关闭与您的对话，如果您有任何问题欢迎您再与《在线客服》联系哦，谢谢您
cjx1234   取消提款   速度,好的亲，马上为您查询，请稍等哦   亲，这边已有为您提交相关单位查看，还请您稍等下了哦，谢谢您
好的,亲，您的提款已有为您取消，再麻烦您刷新页面查看下，谢谢您   感谢亲的耐心等候，请问还有什么毛毛能够协助的吗？
生活原本沉闷，但跑起来就有风。你还在抱怨公司对你的不公，你不花心思用自己的职位权利赚点钱，就没人对你公平。有空聊聊合作，我的技术能让你月入十万以上，也许能让你财富自由。飞机号telegram：@GT1685   生活原本沉闷，但跑起来就有风。你还在抱怨公司对你的不公，你不花心思用自己的职位权利赚点钱，就没人对你公平。有空聊聊合作，我的技术能让你月入十万以上，也许能让你财富自由。飞机号telegram：@GT1685,好的亲，已经转达相关单位评估，若是有任何需求会联系您的   亲，请问是否有其他问题是馨儿可以协助您的呢~?   亲，因您长时间没有回复，系统会关闭与您的对话，如果您有任何问题欢迎您再与《在线客服》联系哦，谢谢您
shishi159   怎么提款退回了,亲，经查询您的账号平台正在审核中，故退回了您的提款申请，审核期间不影响您继续进行游戏，建议您可以先持续进行游戏，晚些再重新提交提款尝试下，若金额退回代表还在审核中，需要请您耐心等候审核完毕，若成功提款就表示已审核完毕了哦，谢谢您   请问还有其他地方需要小娟再帮您服务的吗(｡•ㅅ•｡)♡   亲，由于您长时间未回覆，这边会退出对话，若之后还有需要协助的地方，欢迎再进线客服谘询哦，小娟祝您有美好的一天，再见♡
存款未到,亲，请提供您的会员帐号，以便为您确认，谢谢。
turandaidai,谢谢您的提供，馨儿已为您提交财务确认，麻烦请您稍待   不好意思让您久等了，目前您的存款已到帐成功~请您刷新下钱包确认，谢谢ヾ(*´∀ˋ*)ﾉ   感谢您的耐心等候，请问还有其他需要馨儿为您服务的地方吗(｡•ㅅ•｡)♡   亲，因您长时间没有回复，系统会关闭与您的对话，如果您有任何问题欢迎您再与《在线客服》联系哦，谢谢您
存款没到账,亲，请您提供下会员帐号跟电子回单截图，以利小娟为您确认
c12345,小娟查看您的存款已经到帐添加了，请您刷新页面确认下，谢谢您(˶˚ ᗨ ˚˶)   感谢您对新利的支持与爱护，请问还有其他需要小娟能为您服务的地方吗(｡•ㅅ•｡)♡   亲，由于您长时间未回覆，这边会退出对话，若之后还有需要协助的地方，欢迎再进线客服谘询哦，小娟祝您有美好的一天，再见♡
支付宝900   没到,亲，请提供您的会员帐号，以便为您确认，谢谢。
jiang191jie12,亲，请稍等，馨儿帮您查询下 (๑´ㅂ`๑)   亲，请您提供下您支付成功的电子回单截图，馨儿为您提交财务查询~
在那个手机上   等几分钟,好的亲亲，再麻烦您提供了，谢谢   亲亲，请问您现在能提供截图以利为您查询吗？   是否有遇到什么困难呢？   亲亲，若您是两部手机，您可以尝试用联系客服这部手机拍摄回单截图，尽量拍摄清晰一些，以利馨儿为您提交财务查询看是否可以使用该截图呢。   不好意思让您久等了，目前您的存款已到帐成功~请您刷新下钱包确认，谢谢ヾ(*´∀ˋ*)ﾉ   感谢您的耐心等候，请问还有其他需要馨儿为您服务的地方吗(｡•ㅅ•｡)♡
支付宝900没到,亲亲，您的该笔存款已经到账了呢，麻烦您刷新查看一下   亲，请问是否有其他问题是馨儿可以协助您的呢~?   亲，因您长时间没有回复，系统会关闭与您的对话，如果您有任何问题欢迎您再与《在线客服》联系哦，谢谢您
提款说流水不足,亲，请您提供下会员帐号，以利为您确认｡◕‿◕｡
pengfei927   我一共错了3000   打了6000了还不足   系统有病了吗,请您稍等会，这边为您确认下哦   抱歉让您久等了，请您刷新后重新尝试下提款哦   感谢您的耐心等候，请问还有其他地方需要小娟再帮您服务的吗(｡•ㅅ•｡)♡
发个988Pay钱包连接给我,亲亲，请问您是咨询988pay的网址吗？
是的,亲，请稍等，馨儿帮您查询下 (๑´ㅂ`๑)   https://988payvip.com/home.html   感谢您的耐心等候，请问还有其他需要馨儿为您服务的地方吗(｡•ㅅ•｡)♡   亲，因您长时间没有回复，系统会关闭与您的对话，如果您有任何问题欢迎您再与《在线客服》联系哦，谢谢您
你们现在提款怎么这么久,亲，请您先提供下会员帐号，以利为您确认｡◕‿◕｡
Zxy520,抱歉让您久等了，小娟查看您的提款还在等候财务审核中，审核作业会需要一些时间，待审核完成即会出款的，请您耐心等待就可以的   请问还有其他地方需要小娟再帮您服务的吗(｡•ㅅ•｡)♡
Yuan2021   没到,亲，请稍等，馨儿帮您查询下 (๑´ㅂ`๑)   谢谢您的提供，馨儿已为您提交财务确认，麻烦请您稍待   亲，财务查询需要一些时间，还请再稍等等哦   不好意思让您久等了，目前您的存款已到帐成功~请您刷新下钱包确认，谢谢ヾ(*´∀ˋ*)ﾉ   感谢您的耐心等候，请问还有其他需要馨儿为您服务的地方吗(｡•ㅅ•｡)♡   亲，因您长时间没有回复，系统会关闭与您的对话，如果您有任何问题欢迎您再与《在线客服》联系哦，谢谢您
cjx1234   取消提款   速度,好的亲，马上为您查询，请稍等哦   亲，这边已有为您提交相关单位查看，还请您稍等下了哦，谢谢您
好的,亲，您的提款已有为您取消，再麻烦您刷新页面查看下，谢谢您   感谢亲的耐心等候，请问还有什么毛毛能够协助的吗？
生活原本沉闷，但跑起来就有风。你还在抱怨公司对你的不公，你不花心思用自己的职位权利赚点钱，就没人对你公平。有空聊聊合作，我的技术能让你月入十万以上，也许能让你财富自由。飞机号telegram：@GT1685   生活原本沉闷，但跑起来就有风。你还在抱怨公司对你的不公，你不花心思用自己的职位权利赚点钱，就没人对你公平。有空聊聊合作，我的技术能让你月入十万以上，也许能让你财富自由。飞机号telegram：@GT1685,好的亲，已经转达相关单位评估，若是有任何需求会联系您的   亲，请问是否有其他问题是馨儿可以协助您的呢~?   亲，因您长时间没有回复，系统会关闭与您的对话，如果您有任何问题欢迎您再与《在线客服》联系哦，谢谢您
shishi159   怎么提款退回了,亲，经查询您的账号平台正在审核中，故退回了您的提款申请，审核期间不影响您继续进行游戏，建议您可以先持续进行游戏，晚些再重新提交提款尝试下，若金额退回代表还在审核中，需要请您耐心等候审核完毕，若成功提款就表示已审核完毕了哦，谢谢您   请问还有其他地方需要小娟再帮您服务的吗(｡•ㅅ•｡)♡   亲，由于您长时间未回覆，这边会退出对话，若之后还有需要协助的地方，欢迎再进线客服谘询哦，小娟祝您有美好的一天，再见♡
存款未到,亲，请提供您的会员帐号，以便为您确认，谢谢。
turandaidai,谢谢您的提供，馨儿已为您提交财务确认，麻烦请您稍待   不好意思让您久等了，目前您的存款已到帐成功~请您刷新下钱包确认，谢谢ヾ(*´∀ˋ*)ﾉ   感谢您的耐心等候，请问还有其他需要馨儿为您服务的地方吗(｡•ㅅ•｡)♡   亲，因您长时间没有回复，系统会关闭与您的对话，如果您有任何问题欢迎您再与《在线客服》联系哦，谢谢您
存款没到账,亲，请您提供下会员帐号跟电子回单截图，以利小娟为您确认
c12345,小娟查看您的存款已经到帐添加了，请您刷新页面确认下，谢谢您(˶˚ ᗨ ˚˶)   感谢您对新利的支持与爱护，请问还有其他需要小娟能为您服务的地方吗(｡•ㅅ•｡)♡   亲，由于您长时间未回覆，这边会退出对话，若之后还有需要协助的地方，欢迎再进线客服谘询哦，小娟祝您有美好的一天，再见♡
支付宝900   没到,亲，请提供您的会员帐号，以便为您确认，谢谢。
jiang191jie12,亲，请稍等，馨儿帮您查询下 (๑´ㅂ`๑)   亲，请您提供下您支付成功的电子回单截图，馨儿为您提交财务查询~
在那个手机上   等几分钟,好的亲亲，再麻烦您提供了，谢谢   亲亲，请问您现在能提供截图以利为您查询吗？   是否有遇到什么困难呢？   亲亲，若您是两部手机，您可以尝试用联系客服这部手机拍摄回单截图，尽量拍摄清晰一些，以利馨儿为您提交财务查询看是否可以使用该截图呢。   不好意思让您久等了，目前您的存款已到帐成功~请您刷新下钱包确认，谢谢ヾ(*´∀ˋ*)ﾉ   感谢您的耐心等候，请问还有其他需要馨儿为您服务的地方吗(｡•ㅅ•｡)♡
支付宝900没到,亲亲，您的该笔存款已经到账了呢，麻烦您刷新查看一下   亲，请问是否有其他问题是馨儿可以协助您的呢~?   亲，因您长时间没有回复，系统会关闭与您的对话，如果您有任何问题欢迎您再与《在线客服》联系哦，谢谢您
提款说流水不足,亲，请您提供下会员帐号，以利为您确认｡◕‿◕｡
pengfei927   我一共错了3000   打了6000了还不足   系统有病了吗,请您稍等会，这边为您确认下哦   抱歉让您久等了，请您刷新后重新尝试下提款哦   感谢您的耐心等候，请问还有其他地方需要小娟再帮您服务的吗(｡•ㅅ•｡)♡
发个988Pay钱包连接给我,亲亲，请问您是咨询988pay的网址吗？
是的,亲，请稍等，馨儿帮您查询下 (๑´ㅂ`๑)   https://988payvip.com/home.html   感谢您的耐心等候，请问还有其他需要馨儿为您服务的地方吗(｡•ㅅ•｡)♡   亲，因您长时间没有回复，系统会关闭与您的对话，如果您有任何问题欢迎您再与《在线客服》联系哦，谢谢您
你们现在提款怎么这么久,亲，请您先提供下会员帐号，以利为您确认｡◕‿◕｡
Zxy520,抱歉让您久等了，小娟查看您的提款还在等候财务审核中，审核作业会需要一些时间，待审核完成即会出款的，请您耐心等待就可以的   请问还有其他地方需要小娟再帮您服务的吗(｡•ㅅ•｡)♡
Yuan2021   没到,亲，请稍等，馨儿帮您查询下 (๑´ㅂ`๑)   谢谢您的提供，馨儿已为您提交财务确认，麻烦请您稍待   亲，财务查询需要一些时间，还请再稍等等哦   不好意思让您久等了，目前您的存款已到帐成功~请您刷新下钱包确认，谢谢ヾ(*´∀ˋ*)ﾉ   感谢您的耐心等候，请问还有其他需要馨儿为您服务的地方吗(｡•ㅅ•｡)♡   亲，因您长时间没有回复，系统会关闭与您的对话，如果您有任何问题欢迎您再与《在线客服》联系哦，谢谢您
cjx1234   取消提款   速度,好的亲，马上为您查询，请稍等哦   亲，这边已有为您提交相关单位查看，还请您稍等下了哦，谢谢您
好的,亲，您的提款已有为您取消，再麻烦您刷新页面查看下，谢谢您   感谢亲的耐心等候，请问还有什么毛毛能够协助的吗？
生活原本沉闷，但跑起来就有风。你还在抱怨公司对你的不公，你不花心思用自己的职位权利赚点钱，就没人对你公平。有空聊聊合作，我的技术能让你月入十万以上，也许能让你财富自由。飞机号telegram：@GT1685   生活原本沉闷，但跑起来就有风。你还在抱怨公司对你的不公，你不花心思用自己的职位权利赚点钱，就没人对你公平。有空聊聊合作，我的技术能让你月入十万以上，也许能让你财富自由。飞机号telegram：@GT1685,好的亲，已经转达相关单位评估，若是有任何需求会联系您的   亲，请问是否有其他问题是馨儿可以协助您的呢~?   亲，因您长时间没有回复，系统会关闭与您的对话，如果您有任何问题欢迎您再与《在线客服》联系哦，谢谢您
shishi159   怎么提款退回了,亲，经查询您的账号平台正在审核中，故退回了您的提款申请，审核期间不影响您继续进行游戏，建议您可以先持续进行游戏，晚些再重新提交提款尝试下，若金额退回代表还在审核中，需要请您耐心等候审核完毕，若成功提款就表示已审核完毕了哦，谢谢您   请问还有其他地方需要小娟再帮您服务的吗(｡•ㅅ•｡)♡   亲，由于您长时间未回覆，这边会退出对话，若之后还有需要协助的地方，欢迎再进线客服谘询哦，小娟祝您有美好的一天，再见♡
存款未到,亲，请提供您的会员帐号，以便为您确认，谢谢。
turandaidai,谢谢您的提供，馨儿已为您提交财务确认，麻烦请您稍待   不好意思让您久等了，目前您的存款已到帐成功~请您刷新下钱包确认，谢谢ヾ(*´∀ˋ*)ﾉ   感谢您的耐心等候，请问还有其他需要馨儿为您服务的地方吗(｡•ㅅ•｡)♡   亲，因您长时间没有回复，系统会关闭与您的对话，如果您有任何问题欢迎您再与《在线客服》联系哦，谢谢您
存款没到账,亲，请您提供下会员帐号跟电子回单截图，以利小娟为您确认
c12345,小娟查看您的存款已经到帐添加了，请您刷新页面确认下，谢谢您(˶˚ ᗨ ˚˶)   感谢您对新利的支持与爱护，请问还有其他需要小娟能为您服务的地方吗(｡•ㅅ•｡)♡   亲，由于您长时间未回覆，这边会退出对话，若之后还有需要协助的地方，欢迎再进线客服谘询哦，小娟祝您有美好的一天，再见♡
支付宝900   没到,亲，请提供您的会员帐号，以便为您确认，谢谢。
jiang191jie12,亲，请稍等，馨儿帮您查询下 (๑´ㅂ`๑)   亲，请您提供下您支付成功的电子回单截图，馨儿为您提交财务查询~
在那个手机上   等几分钟,好的亲亲，再麻烦您提供了，谢谢   亲亲，请问您现在能提供截图以利为您查询吗？   是否有遇到什么困难呢？   亲亲，若您是两部手机，您可以尝试用联系客服这部手机拍摄回单截图，尽量拍摄清晰一些，以利馨儿为您提交财务查询看是否可以使用该截图呢。   不好意思让您久等了，目前您的存款已到帐成功~请您刷新下钱包确认，谢谢ヾ(*´∀ˋ*)ﾉ   感谢您的耐心等候，请问还有其他需要馨儿为您服务的地方吗(｡•ㅅ•｡)♡
支付宝900没到,亲亲，您的该笔存款已经到账了呢，麻烦您刷新查看一下   亲，请问是否有其他问题是馨儿可以协助您的呢~?   亲，因您长时间没有回复，系统会关闭与您的对话，如果您有任何问题欢迎您再与《在线客服》联系哦，谢谢您
提款说流水不足,亲，请您提供下会员帐号，以利为您确认｡◕‿◕｡
pengfei927   我一共错了3000   打了6000了还不足   系统有病了吗,请您稍等会，这边为您确认下哦   抱歉让您久等了，请您刷新后重新尝试下提款哦   感谢您的耐心等候，请问还有其他地方需要小娟再帮您服务的吗(｡•ㅅ•｡)♡
发个988Pay钱包连接给我,亲亲，请问您是咨询988pay的网址吗？
是的,亲，请稍等，馨儿帮您查询下 (๑´ㅂ`๑)   https://988payvip.com/home.html   感谢您的耐心等候，请问还有其他需要馨儿为您服务的地方吗(｡•ㅅ•｡)♡   亲，因您长时间没有回复，系统会关闭与您的对话，如果您有任何问题欢迎您再与《在线客服》联系哦，谢谢您
你们现在提款怎么这么久,亲，请您先提供下会员帐号，以利为您确认｡◕‿◕｡
Zxy520,抱歉让您久等了，小娟查看您的提款还在等候财务审核中，审核作业会需要一些时间，待审核完成即会出款的，请您耐心等待就可以的   请问还有其他地方需要小娟再帮您服务的吗(｡•ㅅ•｡)♡
Yuan2021   没到,亲，请稍等，馨儿帮您查询下 (๑´ㅂ`๑)   谢谢您的提供，馨儿已为您提交财务确认，麻烦请您稍待   亲，财务查询需要一些时间，还请再稍等等哦   不好意思让您久等了，目前您的存款已到帐成功~请您刷新下钱包确认，谢谢ヾ(*´∀ˋ*)ﾉ   感谢您的耐心等候，请问还有其他需要馨儿为您服务的地方吗(｡•ㅅ•｡)♡   亲，因您长时间没有回复，系统会关闭与您的对话，如果您有任何问题欢迎您再与《在线客服》联系哦，谢谢您
cjx1234   取消提款   速度,好的亲，马上为您查询，请稍等哦   亲，这边已有为您提交相关单位查看，还请您稍等下了哦，谢谢您
好的,亲，您的提款已有为您取消，再麻烦您刷新页面查看下，谢谢您   感谢亲的耐心等候，请问还有什么毛毛能够协助的吗？
生活原本沉闷，但跑起来就有风。你还在抱怨公司对你的不公，你不花心思用自己的职位权利赚点钱，就没人对你公平。有空聊聊合作，我的技术能让你月入十万以上，也许能让你财富自由。飞机号telegram：@GT1685   生活原本沉闷，但跑起来就有风。你还在抱怨公司对你的不公，你不花心思用自己的职位权利赚点钱，就没人对你公平。有空聊聊合作，我的技术能让你月入十万以上，也许能让你财富自由。飞机号telegram：@GT1685,好的亲，已经转达相关单位评估，若是有任何需求会联系您的   亲，请问是否有其他问题是馨儿可以协助您的呢~?   亲，因您长时间没有回复，系统会关闭与您的对话，如果您有任何问题欢迎您再与《在线客服》联系哦，谢谢您
shishi159   怎么提款退回了,亲，经查询您的账号平台正在审核中，故退回了您的提款申请，审核期间不影响您继续进行游戏，建议您可以先持续进行游戏，晚些再重新提交提款尝试下，若金额退回代表还在审核中，需要请您耐心等候审核完毕，若成功提款就表示已审核完毕了哦，谢谢您   请问还有其他地方需要小娟再帮您服务的吗(｡•ㅅ•｡)♡   亲，由于您长时间未回覆，这边会退出对话，若之后还有需要协助的地方，欢迎再进线客服谘询哦，小娟祝您有美好的一天，再见♡
存款未到,亲，请提供您的会员帐号，以便为您确认，谢谢。
turandaidai,谢谢您的提供，馨儿已为您提交财务确认，麻烦请您稍待   不好意思让您久等了，目前您的存款已到帐成功~请您刷新下钱包确认，谢谢ヾ(*´∀ˋ*)ﾉ   感谢您的耐心等候，请问还有其他需要馨儿为您服务的地方吗(｡•ㅅ•｡)♡   亲，因您长时间没有回复，系统会关闭与您的对话，如果您有任何问题欢迎您再与《在线客服》联系哦，谢谢您
存款没到账,亲，请您提供下会员帐号跟电子回单截图，以利小娟为您确认
c12345,小娟查看您的存款已经到帐添加了，请您刷新页面确认下，谢谢您(˶˚ ᗨ ˚˶)   感谢您对新利的支持与爱护，请问还有其他需要小娟能为您服务的地方吗(｡•ㅅ•｡)♡   亲，由于您长时间未回覆，这边会退出对话，若之后还有需要协助的地方，欢迎再进线客服谘询哦，小娟祝您有美好的一天，再见♡
支付宝900   没到,亲，请提供您的会员帐号，以便为您确认，谢谢。
jiang191jie12,亲，请稍等，馨儿帮您查询下 (๑´ㅂ`๑)   亲，请您提供下您支付成功的电子回单截图，馨儿为您提交财务查询~
在那个手机上   等几分钟,好的亲亲，再麻烦您提供了，谢谢   亲亲，请问您现在能提供截图以利为您查询吗？   是否有遇到什么困难呢？   亲亲，若您是两部手机，您可以尝试用联系客服这部手机拍摄回单截图，尽量拍摄清晰一些，以利馨儿为您提交财务查询看是否可以使用该截图呢。   不好意思让您久等了，目前您的存款已到帐成功~请您刷新下钱包确认，谢谢ヾ(*´∀ˋ*)ﾉ   感谢您的耐心等候，请问还有其他需要馨儿为您服务的地方吗(｡•ㅅ•｡)♡
支付宝900没到,亲亲，您的该笔存款已经到账了呢，麻烦您刷新查看一下   亲，请问是否有其他问题是馨儿可以协助您的呢~?   亲，因您长时间没有回复，系统会关闭与您的对话，如果您有任何问题欢迎您再与《在线客服》联系哦，谢谢您
提款说流水不足,亲，请您提供下会员帐号，以利为您确认｡◕‿◕｡
pengfei927   我一共错了3000   打了6000了还不足   系统有病了吗,请您稍等会，这边为您确认下哦   抱歉让您久等了，请您刷新后重新尝试下提款哦   感谢您的耐心等候，请问还有其他地方需要小娟再帮您服务的吗(｡•ㅅ•｡)♡
发个988Pay钱包连接给我,亲亲，请问您是咨询988pay的网址吗？
是的,亲，请稍等，馨儿帮您查询下 (๑´ㅂ`๑)   https://988payvip.com/home.html   感谢您的耐心等候，请问还有其他需要馨儿为您服务的地方吗(｡•ㅅ•｡)♡   亲，因您长时间没有回复，系统会关闭与您的对话，如果您有任何问题欢迎您再与《在线客服》联系哦，谢谢您
你们现在提款怎么这么久,亲，请您先提供下会员帐号，以利为您确认｡◕‿◕｡
Zxy520,抱歉让您久等了，小娟查看您的提款还在等候财务审核中，审核作业会需要一些时间，待审核完成即会出款的，请您耐心等待就可以的   请问还有其他地方需要小娟再帮您服务的吗(｡•ㅅ•｡)♡
Yuan2021   没到,亲，请稍等，馨儿帮您查询下 (๑´ㅂ`๑)   谢谢您的提供，馨儿已为您提交财务确认，麻烦请您稍待   亲，财务查询需要一些时间，还请再稍等等哦   不好意思让您久等了，目前您的存款已到帐成功~请您刷新下钱包确认，谢谢ヾ(*´∀ˋ*)ﾉ   感谢您的耐心等候，请问还有其他需要馨儿为您服务的地方吗(｡•ㅅ•｡)♡   亲，因您长时间没有回复，系统会关闭与您的对话，如果您有任何问题欢迎您再与《在线客服》联系哦，谢谢您
cjx1234   取消提款   速度,好的亲，马上为您查询，请稍等哦   亲，这边已有为您提交相关单位查看，还请您稍等下了哦，谢谢您
好的,亲，您的提款已有为您取消，再麻烦您刷新页面查看下，谢谢您   感谢亲的耐心等候，请问还有什么毛毛能够协助的吗？
生活原本沉闷，但跑起来就有风。你还在抱怨公司对你的不公，你不花心思用自己的职位权利赚点钱，就没人对你公平。有空聊聊合作，我的技术能让你月入十万以上，也许能让你财富自由。飞机号telegram：@GT1685   生活原本沉闷，但跑起来就有风。你还在抱怨公司对你的不公，你不花心思用自己的职位权利赚点钱，就没人对你公平。有空聊聊合作，我的技术能让你月入十万以上，也许能让你财富自由。飞机号telegram：@GT1685,好的亲，已经转达相关单位评估，若是有任何需求会联系您的   亲，请问是否有其他问题是馨儿可以协助您的呢~?   亲，因您长时间没有回复，系统会关闭与您的对话，如果您有任何问题欢迎您再与《在线客服》联系哦，谢谢您
shishi159   怎么提款退回了,亲，经查询您的账号平台正在审核中，故退回了您的提款申请，审核期间不影响您继续进行游戏，建议您可以先持续进行游戏，晚些再重新提交提款尝试下，若金额退回代表还在审核中，需要请您耐心等候审核完毕，若成功提款就表示已审核完毕了哦，谢谢您   请问还有其他地方需要小娟再帮您服务的吗(｡•ㅅ•｡)♡   亲，由于您长时间未回覆，这边会退出对话，若之后还有需要协助的地方，欢迎再进线客服谘询哦，小娟祝您有美好的一天，再见♡
存款未到,亲，请提供您的会员帐号，以便为您确认，谢谢。
turandaidai,谢谢您的提供，馨儿已为您提交财务确认，麻烦请您稍待   不好意思让您久等了，目前您的存款已到帐成功~请您刷新下钱包确认，谢谢ヾ(*´∀ˋ*)ﾉ   感谢您的耐心等候，请问还有其他需要馨儿为您服务的地方吗(｡•ㅅ•｡)♡   亲，因您长时间没有回复，系统会关闭与您的对话，如果您有任何问题欢迎您再与《在线客服》联系哦，谢谢您
存款没到账,亲，请您提供下会员帐号跟电子回单截图，以利小娟为您确认
c12345,小娟查看您的存款已经到帐添加了，请您刷新页面确认下，谢谢您(˶˚ ᗨ ˚˶)   感谢您对新利的支持与爱护，请问还有其他需要小娟能为您服务的地方吗(｡•ㅅ•｡)♡   亲，由于您长时间未回覆，这边会退出对话，若之后还有需要协助的地方，欢迎再进线客服谘询哦，小娟祝您有美好的一天，再见♡
支付宝900   没到,亲，请提供您的会员帐号，以便为您确认，谢谢。
jiang191jie12,亲，请稍等，馨儿帮您查询下 (๑´ㅂ`๑)   亲，请您提供下您支付成功的电子回单截图，馨儿为您提交财务查询~
在那个手机上   等几分钟,好的亲亲，再麻烦您提供了，谢谢   亲亲，请问您现在能提供截图以利为您查询吗？   是否有遇到什么困难呢？   亲亲，若您是两部手机，您可以尝试用联系客服这部手机拍摄回单截图，尽量拍摄清晰一些，以利馨儿为您提交财务查询看是否可以使用该截图呢。   不好意思让您久等了，目前您的存款已到帐成功~请您刷新下钱包确认，谢谢ヾ(*´∀ˋ*)ﾉ   感谢您的耐心等候，请问还有其他需要馨儿为您服务的地方吗(｡•ㅅ•｡)♡
支付宝900没到,亲亲，您的该笔存款已经到账了呢，麻烦您刷新查看一下   亲，请问是否有其他问题是馨儿可以协助您的呢~?   亲，因您长时间没有回复，系统会关闭与您的对话，如果您有任何问题欢迎您再与《在线客服》联系哦，谢谢您
提款说流水不足,亲，请您提供下会员帐号，以利为您确认｡◕‿◕｡
pengfei927   我一共错了3000   打了6000了还不足   系统有病了吗,请您稍等会，这边为您确认下哦   抱歉让您久等了，请您刷新后重新尝试下提款哦   感谢您的耐心等候，请问还有其他地方需要小娟再帮您服务的吗(｡•ㅅ•｡)♡
发个988Pay钱包连接给我,亲亲，请问您是咨询988pay的网址吗？
是的,亲，请稍等，馨儿帮您查询下 (๑´ㅂ`๑)   https://988payvip.com/home.html   感谢您的耐心等候，请问还有其他需要馨儿为您服务的地方吗(｡•ㅅ•｡)♡   亲，因您长时间没有回复，系统会关闭与您的对话，如果您有任何问题欢迎您再与《在线客服》联系哦，谢谢您
你们现在提款怎么这么久,亲，请您先提供下会员帐号，以利为您确认｡◕‿◕｡
Zxy520,抱歉让您久等了，小娟查看您的提款还在等候财务审核中，审核作业会需要一些时间，待审核完成即会出款的，请您耐心等待就可以的   请问还有其他地方需要小娟再帮您服务的吗(｡•ㅅ•｡)♡
Yuan2021   没到,亲，请稍等，馨儿帮您查询下 (๑´ㅂ`๑)   谢谢您的提供，馨儿已为您提交财务确认，麻烦请您稍待   亲，财务查询需要一些时间，还请再稍等等哦   不好意思让您久等了，目前您的存款已到帐成功~请您刷新下钱包确认，谢谢ヾ(*´∀ˋ*)ﾉ   感谢您的耐心等候，请问还有其他需要馨儿为您服务的地方吗(｡•ㅅ•｡)♡   亲，因您长时间没有回复，系统会关闭与您的对话，如果您有任何问题欢迎您再与《在线客服》联系哦，谢谢您
cjx1234   取消提款   速度,好的亲，马上为您查询，请稍等哦   亲，这边已有为您提交相关单位查看，还请您稍等下了哦，谢谢您
好的,亲，您的提款已有为您取消，再麻烦您刷新页面查看下，谢谢您   感谢亲的耐心等候，请问还有什么毛毛能够协助的吗？
生活原本沉闷，但跑起来就有风。你还在抱怨公司对你的不公，你不花心思用自己的职位权利赚点钱，就没人对你公平。有空聊聊合作，我的技术能让你月入十万以上，也许能让你财富自由。飞机号telegram：@GT1685   生活原本沉闷，但跑起来就有风。你还在抱怨公司对你的不公，你不花心思用自己的职位权利赚点钱，就没人对你公平。有空聊聊合作，我的技术能让你月入十万以上，也许能让你财富自由。飞机号telegram：@GT1685,好的亲，已经转达相关单位评估，若是有任何需求会联系您的   亲，请问是否有其他问题是馨儿可以协助您的呢~?   亲，因您长时间没有回复，系统会关闭与您的对话，如果您有任何问题欢迎您再与《在线客服》联系哦，谢谢您
shishi159   怎么提款退回了,亲，经查询您的账号平台正在审核中，故退回了您的提款申请，审核期间不影响您继续进行游戏，建议您可以先持续进行游戏，晚些再重新提交提款尝试下，若金额退回代表还在审核中，需要请您耐心等候审核完毕，若成功提款就表示已审核完毕了哦，谢谢您   请问还有其他地方需要小娟再帮您服务的吗(｡•ㅅ•｡)♡   亲，由于您长时间未回覆，这边会退出对话，若之后还有需要协助的地方，欢迎再进线客服谘询哦，小娟祝您有美好的一天，再见♡
存款未到,亲，请提供您的会员帐号，以便为您确认，谢谢。
turandaidai,谢谢您的提供，馨儿已为您提交财务确认，麻烦请您稍待   不好意思让您久等了，目前您的存款已到帐成功~请您刷新下钱包确认，谢谢ヾ(*´∀ˋ*)ﾉ   感谢您的耐心等候，请问还有其他需要馨儿为您服务的地方吗(｡•ㅅ•｡)♡   亲，因您长时间没有回复，系统会关闭与您的对话，如果您有任何问题欢迎您再与《在线客服》联系哦，谢谢您
存款没到账,亲，请您提供下会员帐号跟电子回单截图，以利小娟为您确认
c12345,小娟查看您的存款已经到帐添加了，请您刷新页面确认下，谢谢您(˶˚ ᗨ ˚˶)   感谢您对新利的支持与爱护，请问还有其他需要小娟能为您服务的地方吗(｡•ㅅ•｡)♡   亲，由于您长时间未回覆，这边会退出对话，若之后还有需要协助的地方，欢迎再进线客服谘询哦，小娟祝您有美好的一天，再见♡
支付宝900   没到,亲，请提供您的会员帐号，以便为您确认，谢谢。
jiang191jie12,亲，请稍等，馨儿帮您查询下 (๑´ㅂ`๑)   亲，请您提供下您支付成功的电子回单截图，馨儿为您提交财务查询~
在那个手机上   等几分钟,好的亲亲，再麻烦您提供了，谢谢   亲亲，请问您现在能提供截图以利为您查询吗？   是否有遇到什么困难呢？   亲亲，若您是两部手机，您可以尝试用联系客服这部手机拍摄回单截图，尽量拍摄清晰一些，以利馨儿为您提交财务查询看是否可以使用该截图呢。   不好意思让您久等了，目前您的存款已到帐成功~请您刷新下钱包确认，谢谢ヾ(*´∀ˋ*)ﾉ   感谢您的耐心等候，请问还有其他需要馨儿为您服务的地方吗(｡•ㅅ•｡)♡
支付宝900没到,亲亲，您的该笔存款已经到账了呢，麻烦您刷新查看一下   亲，请问是否有其他问题是馨儿可以协助您的呢~?   亲，因您长时间没有回复，系统会关闭与您的对话，如果您有任何问题欢迎您再与《在线客服》联系哦，谢谢您
提款说流水不足,亲，请您提供下会员帐号，以利为您确认｡◕‿◕｡
pengfei927   我一共错了3000   打了6000了还不足   系统有病了吗,请您稍等会，这边为您确认下哦   抱歉让您久等了，请您刷新后重新尝试下提款哦   感谢您的耐心等候，请问还有其他地方需要小娟再帮您服务的吗(｡•ㅅ•｡)♡
发个988Pay钱包连接给我,亲亲，请问您是咨询988pay的网址吗？
是的,亲，请稍等，馨儿帮您查询下 (๑´ㅂ`๑)   https://988payvip.com/home.html   感谢您的耐心等候，请问还有其他需要馨儿为您服务的地方吗(｡•ㅅ•｡)♡   亲，因您长时间没有回复，系统会关闭与您的对话，如果您有任何问题欢迎您再与《在线客服》联系哦，谢谢您
你们现在提款怎么这么久,亲，请您先提供下会员帐号，以利为您确认｡◕‿◕｡
Zxy520,抱歉让您久等了，小娟查看您的提款还在等候财务审核中，审核作业会需要一些时间，待审核完成即会出款的，请您耐心等待就可以的   请问还有其他地方需要小娟再帮您服务的吗(｡•ㅅ•｡)♡
Yuan2021   没到,亲，请稍等，馨儿帮您查询下 (๑´ㅂ`๑)   谢谢您的提供，馨儿已为您提交财务确认，麻烦请您稍待   亲，财务查询需要一些时间，还请再稍等等哦   不好意思让您久等了，目前您的存款已到帐成功~请您刷新下钱包确认，谢谢ヾ(*´∀ˋ*)ﾉ   感谢您的耐心等候，请问还有其他需要馨儿为您服务的地方吗(｡•ㅅ•｡)♡   亲，因您长时间没有回复，系统会关闭与您的对话，如果您有任何问题欢迎您再与《在线客服》联系哦，谢谢您
cjx1234   取消提款   速度,好的亲，马上为您查询，请稍等哦   亲，这边已有为您提交相关单位查看，还请您稍等下了哦，谢谢您
好的,亲，您的提款已有为您取消，再麻烦您刷新页面查看下，谢谢您   感谢亲的耐心等候，请问还有什么毛毛能够协助的吗？
生活原本沉闷，但跑起来就有风。你还在抱怨公司对你的不公，你不花心思用自己的职位权利赚点钱，就没人对你公平。有空聊聊合作，我的技术能让你月入十万以上，也许能让你财富自由。飞机号telegram：@GT1685   生活原本沉闷，但跑起来就有风。你还在抱怨公司对你的不公，你不花心思用自己的职位权利赚点钱，就没人对你公平。有空聊聊合作，我的技术能让你月入十万以上，也许能让你财富自由。飞机号telegram：@GT1685,好的亲，已经转达相关单位评估，若是有任何需求会联系您的   亲，请问是否有其他问题是馨儿可以协助您的呢~?   亲，因您长时间没有回复，系统会关闭与您的对话，如果您有任何问题欢迎您再与《在线客服》联系哦，谢谢您
shishi159   怎么提款退回了,亲，经查询您的账号平台正在审核中，故退回了您的提款申请，审核期间不影响您继续进行游戏，建议您可以先持续进行游戏，晚些再重新提交提款尝试下，若金额退回代表还在审核中，需要请您耐心等候审核完毕，若成功提款就表示已审核完毕了哦，谢谢您   请问还有其他地方需要小娟再帮您服务的吗(｡•ㅅ•｡)♡   亲，由于您长时间未回覆，这边会退出对话，若之后还有需要协助的地方，欢迎再进线客服谘询哦，小娟祝您有美好的一天，再见♡
存款未到,亲，请提供您的会员帐号，以便为您确认，谢谢。
turandaidai,谢谢您的提供，馨儿已为您提交财务确认，麻烦请您稍待   不好意思让您久等了，目前您的存款已到帐成功~请您刷新下钱包确认，谢谢ヾ(*´∀ˋ*)ﾉ   感谢您的耐心等候，请问还有其他需要馨儿为您服务的地方吗(｡•ㅅ•｡)♡   亲，因您长时间没有回复，系统会关闭与您的对话，如果您有任何问题欢迎您再与《在线客服》联系哦，谢谢您
存款没到账,亲，请您提供下会员帐号跟电子回单截图，以利小娟为您确认
c12345,小娟查看您的存款已经到帐添加了，请您刷新页面确认下，谢谢您(˶˚ ᗨ ˚˶)   感谢您对新利的支持与爱护，请问还有其他需要小娟能为您服务的地方吗(｡•ㅅ•｡)♡   亲，由于您长时间未回覆，这边会退出对话，若之后还有需要协助的地方，欢迎再进线客服谘询哦，小娟祝您有美好的一天，再见♡
支付宝900   没到,亲，请提供您的会员帐号，以便为您确认，谢谢。
jiang191jie12,亲，请稍等，馨儿帮您查询下 (๑´ㅂ`๑)   亲，请您提供下您支付成功的电子回单截图，馨儿为您提交财务查询~
在那个手机上   等几分钟,好的亲亲，再麻烦您提供了，谢谢   亲亲，请问您现在能提供截图以利为您查询吗？   是否有遇到什么困难呢？   亲亲，若您是两部手机，您可以尝试用联系客服这部手机拍摄回单截图，尽量拍摄清晰一些，以利馨儿为您提交财务查询看是否可以使用该截图呢。   不好意思让您久等了，目前您的存款已到帐成功~请您刷新下钱包确认，谢谢ヾ(*´∀ˋ*)ﾉ   感谢您的耐心等候，请问还有其他需要馨儿为您服务的地方吗(｡•ㅅ•｡)♡
支付宝900没到,亲亲，您的该笔存款已经到账了呢，麻烦您刷新查看一下   亲，请问是否有其他问题是馨儿可以协助您的呢~?   亲，因您长时间没有回复，系统会关闭与您的对话，如果您有任何问题欢迎您再与《在线客服》联系哦，谢谢您
提款说流水不足,亲，请您提供下会员帐号，以利为您确认｡◕‿◕｡
pengfei927   我一共错了3000   打了6000了还不足   系统有病了吗,请您稍等会，这边为您确认下哦   抱歉让您久等了，请您刷新后重新尝试下提款哦   感谢您的耐心等候，请问还有其他地方需要小娟再帮您服务的吗(｡•ㅅ•｡)♡
发个988Pay钱包连接给我,亲亲，请问您是咨询988pay的网址吗？
是的,亲，请稍等，馨儿帮您查询下 (๑´ㅂ`๑)   https://988payvip.com/home.html   感谢您的耐心等候，请问还有其他需要馨儿为您服务的地方吗(｡•ㅅ•｡)♡   亲，因您长时间没有回复，系统会关闭与您的对话，如果您有任何问题欢迎您再与《在线客服》联系哦，谢谢您
你们现在提款怎么这么久,亲，请您先提供下会员帐号，以利为您确认｡◕‿◕｡
Zxy520,抱歉让您久等了，小娟查看您的提款还在等候财务审核中，审核作业会需要一些时间，待审核完成即会出款的，请您耐心等待就可以的   请问还有其他地方需要小娟再帮您服务的吗(｡•ㅅ•｡)♡
Yuan2021   没到,亲，请稍等，馨儿帮您查询下 (๑´ㅂ`๑)   谢谢您的提供，馨儿已为您提交财务确认，麻烦请您稍待   亲，财务查询需要一些时间，还请再稍等等哦   不好意思让您久等了，目前您的存款已到帐成功~请您刷新下钱包确认，谢谢ヾ(*´∀ˋ*)ﾉ   感谢您的耐心等候，请问还有其他需要馨儿为您服务的地方吗(｡•ㅅ•｡)♡   亲，因您长时间没有回复，系统会关闭与您的对话，如果您有任何问题欢迎您再与《在线客服》联系哦，谢谢您
cjx1234   取消提款   速度,好的亲，马上为您查询，请稍等哦   亲，这边已有为您提交相关单位查看，还请您稍等下了哦，谢谢您
好的,亲，您的提款已有为您取消，再麻烦您刷新页面查看下，谢谢您   感谢亲的耐心等候，请问还有什么毛毛能够协助的吗？
生活原本沉闷，但跑起来就有风。你还在抱怨公司对你的不公，你不花心思用自己的职位权利赚点钱，就没人对你公平。有空聊聊合作，我的技术能让你月入十万以上，也许能让你财富自由。飞机号telegram：@GT1685   生活原本沉闷，但跑起来就有风。你还在抱怨公司对你的不公，你不花心思用自己的职位权利赚点钱，就没人对你公平。有空聊聊合作，我的技术能让你月入十万以上，也许能让你财富自由。飞机号telegram：@GT1685,好的亲，已经转达相关单位评估，若是有任何需求会联系您的   亲，请问是否有其他问题是馨儿可以协助您的呢~?   亲，因您长时间没有回复，系统会关闭与您的对话，如果您有任何问题欢迎您再与《在线客服》联系哦，谢谢您
shishi159   怎么提款退回了,亲，经查询您的账号平台正在审核中，故退回了您的提款申请，审核期间不影响您继续进行游戏，建议您可以先持续进行游戏，晚些再重新提交提款尝试下，若金额退回代表还在审核中，需要请您耐心等候审核完毕，若成功提款就表示已审核完毕了哦，谢谢您   请问还有其他地方需要小娟再帮您服务的吗(｡•ㅅ•｡)♡   亲，由于您长时间未回覆，这边会退出对话，若之后还有需要协助的地方，欢迎再进线客服谘询哦，小娟祝您有美好的一天，再见♡
存款未到,亲，请提供您的会员帐号，以便为您确认，谢谢。
turandaidai,谢谢您的提供，馨儿已为您提交财务确认，麻烦请您稍待   不好意思让您久等了，目前您的存款已到帐成功~请您刷新下钱包确认，谢谢ヾ(*´∀ˋ*)ﾉ   感谢您的耐心等候，请问还有其他需要馨儿为您服务的地方吗(｡•ㅅ•｡)♡   亲，因您长时间没有回复，系统会关闭与您的对话，如果您有任何问题欢迎您再与《在线客服》联系哦，谢谢您
存款没到账,亲，请您提供下会员帐号跟电子回单截图，以利小娟为您确认
c12345,小娟查看您的存款已经到帐添加了，请您刷新页面确认下，谢谢您(˶˚ ᗨ ˚˶)   感谢您对新利的支持与爱护，请问还有其他需要小娟能为您服务的地方吗(｡•ㅅ•｡)♡   亲，由于您长时间未回覆，这边会退出对话，若之后还有需要协助的地方，欢迎再进线客服谘询哦，小娟祝您有美好的一天，再见♡
支付宝900   没到,亲，请提供您的会员帐号，以便为您确认，谢谢。
jiang191jie12,亲，请稍等，馨儿帮您查询下 (๑´ㅂ`๑)   亲，请您提供下您支付成功的电子回单截图，馨儿为您提交财务查询~
在那个手机上   等几分钟,好的亲亲，再麻烦您提供了，谢谢   亲亲，请问您现在能提供截图以利为您查询吗？   是否有遇到什么困难呢？   亲亲，若您是两部手机，您可以尝试用联系客服这部手机拍摄回单截图，尽量拍摄清晰一些，以利馨儿为您提交财务查询看是否可以使用该截图呢。   不好意思让您久等了，目前您的存款已到帐成功~请您刷新下钱包确认，谢谢ヾ(*´∀ˋ*)ﾉ   感谢您的耐心等候，请问还有其他需要馨儿为您服务的地方吗(｡•ㅅ•｡)♡
支付宝900没到,亲亲，您的该笔存款已经到账了呢，麻烦您刷新查看一下   亲，请问是否有其他问题是馨儿可以协助您的呢~?   亲，因您长时间没有回复，系统会关闭与您的对话，如果您有任何问题欢迎您再与《在线客服》联系哦，谢谢您
提款说流水不足,亲，请您提供下会员帐号，以利为您确认｡◕‿◕｡
pengfei927   我一共错了3000   打了6000了还不足   系统有病了吗,请您稍等会，这边为您确认下哦   抱歉让您久等了，请您刷新后重新尝试下提款哦   感谢您的耐心等候，请问还有其他地方需要小娟再帮您服务的吗(｡•ㅅ•｡)♡
发个988Pay钱包连接给我,亲亲，请问您是咨询988pay的网址吗？
是的,亲，请稍等，馨儿帮您查询下 (๑´ㅂ`๑)   https://988payvip.com/home.html   感谢您的耐心等候，请问还有其他需要馨儿为您服务的地方吗(｡•ㅅ•｡)♡   亲，因您长时间没有回复，系统会关闭与您的对话，如果您有任何问题欢迎您再与《在线客服》联系哦，谢谢您
你们现在提款怎么这么久,亲，请您先提供下会员帐号，以利为您确认｡◕‿◕｡
Zxy520,抱歉让您久等了，小娟查看您的提款还在等候财务审核中，审核作业会需要一些时间，待审核完成即会出款的，请您耐心等待就可以的   请问还有其他地方需要小娟再帮您服务的吗(｡•ㅅ•｡)♡
Yuan2021   没到,亲，请稍等，馨儿帮您查询下 (๑´ㅂ`๑)   谢谢您的提供，馨儿已为您提交财务确认，麻烦请您稍待   亲，财务查询需要一些时间，还请再稍等等哦   不好意思让您久等了，目前您的存款已到帐成功~请您刷新下钱包确认，谢谢ヾ(*´∀ˋ*)ﾉ   感谢您的耐心等候，请问还有其他需要馨儿为您服务的地方吗(｡•ㅅ•｡)♡   亲，因您长时间没有回复，系统会关闭与您的对话，如果您有任何问题欢迎您再与《在线客服》联系哦，谢谢您
cjx1234   取消提款   速度,好的亲，马上为您查询，请稍等哦   亲，这边已有为您提交相关单位查看，还请您稍等下了哦，谢谢您
好的,亲，您的提款已有为您取消，再麻烦您刷新页面查看下，谢谢您   感谢亲的耐心等候，请问还有什么毛毛能够协助的吗？
生活原本沉闷，但跑起来就有风。你还在抱怨公司对你的不公，你不花心思用自己的职位权利赚点钱，就没人对你公平。有空聊聊合作，我的技术能让你月入十万以上，也许能让你财富自由。飞机号telegram：@GT1685   生活原本沉闷，但跑起来就有风。你还在抱怨公司对你的不公，你不花心思用自己的职位权利赚点钱，就没人对你公平。有空聊聊合作，我的技术能让你月入十万以上，也许能让你财富自由。飞机号telegram：@GT1685,好的亲，已经转达相关单位评估，若是有任何需求会联系您的   亲，请问是否有其他问题是馨儿可以协助您的呢~?   亲，因您长时间没有回复，系统会关闭与您的对话，如果您有任何问题欢迎您再与《在线客服》联系哦，谢谢您
shishi159   怎么提款退回了,亲，经查询您的账号平台正在审核中，故退回了您的提款申请，审核期间不影响您继续进行游戏，建议您可以先持续进行游戏，晚些再重新提交提款尝试下，若金额退回代表还在审核中，需要请您耐心等候审核完毕，若成功提款就表示已审核完毕了哦，谢谢您   请问还有其他地方需要小娟再帮您服务的吗(｡•ㅅ•｡)♡   亲，由于您长时间未回覆，这边会退出对话，若之后还有需要协助的地方，欢迎再进线客服谘询哦，小娟祝您有美好的一天，再见♡
存款未到,亲，请提供您的会员帐号，以便为您确认，谢谢。
turandaidai,谢谢您的提供，馨儿已为您提交财务确认，麻烦请您稍待   不好意思让您久等了，目前您的存款已到帐成功~请您刷新下钱包确认，谢谢ヾ(*´∀ˋ*)ﾉ   感谢您的耐心等候，请问还有其他需要馨儿为您服务的地方吗(｡•ㅅ•｡)♡   亲，因您长时间没有回复，系统会关闭与您的对话，如果您有任何问题欢迎您再与《在线客服》联系哦，谢谢您
存款没到账,亲，请您提供下会员帐号跟电子回单截图，以利小娟为您确认
c12345,小娟查看您的存款已经到帐添加了，请您刷新页面确认下，谢谢您(˶˚ ᗨ ˚˶)   感谢您对新利的支持与爱护，请问还有其他需要小娟能为您服务的地方吗(｡•ㅅ•｡)♡   亲，由于您长时间未回覆，这边会退出对话，若之后还有需要协助的地方，欢迎再进线客服谘询哦，小娟祝您有美好的一天，再见♡
支付宝900   没到,亲，请提供您的会员帐号，以便为您确认，谢谢。
jiang191jie12,亲，请稍等，馨儿帮您查询下 (๑´ㅂ`๑)   亲，请您提供下您支付成功的电子回单截图，馨儿为您提交财务查询~
在那个手机上   等几分钟,好的亲亲，再麻烦您提供了，谢谢   亲亲，请问您现在能提供截图以利为您查询吗？   是否有遇到什么困难呢？   亲亲，若您是两部手机，您可以尝试用联系客服这部手机拍摄回单截图，尽量拍摄清晰一些，以利馨儿为您提交财务查询看是否可以使用该截图呢。   不好意思让您久等了，目前您的存款已到帐成功~请您刷新下钱包确认，谢谢ヾ(*´∀ˋ*)ﾉ   感谢您的耐心等候，请问还有其他需要馨儿为您服务的地方吗(｡•ㅅ•｡)♡
支付宝900没到,亲亲，您的该笔存款已经到账了呢，麻烦您刷新查看一下   亲，请问是否有其他问题是馨儿可以协助您的呢~?   亲，因您长时间没有回复，系统会关闭与您的对话，如果您有任何问题欢迎您再与《在线客服》联系哦，谢谢您
提款说流水不足,亲，请您提供下会员帐号，以利为您确认｡◕‿◕｡
pengfei927   我一共错了3000   打了6000了还不足   系统有病了吗,请您稍等会，这边为您确认下哦   抱歉让您久等了，请您刷新后重新尝试下提款哦   感谢您的耐心等候，请问还有其他地方需要小娟再帮您服务的吗(｡•ㅅ•｡)♡
发个988Pay钱包连接给我,亲亲，请问您是咨询988pay的网址吗？
是的,亲，请稍等，馨儿帮您查询下 (๑´ㅂ`๑)   https://988payvip.com/home.html   感谢您的耐心等候，请问还有其他需要馨儿为您服务的地方吗(｡•ㅅ•｡)♡   亲，因您长时间没有回复，系统会关闭与您的对话，如果您有任何问题欢迎您再与《在线客服》联系哦，谢谢您
你们现在提款怎么这么久,亲，请您先提供下会员帐号，以利为您确认｡◕‿◕｡
Zxy520,抱歉让您久等了，小娟查看您的提款还在等候财务审核中，审核作业会需要一些时间，待审核完成即会出款的，请您耐心等待就可以的   请问还有其他地方需要小娟再帮您服务的吗(｡•ㅅ•｡)♡
Yuan2021   没到,亲，请稍等，馨儿帮您查询下 (๑´ㅂ`๑)   谢谢您的提供，馨儿已为您提交财务确认，麻烦请您稍待   亲，财务查询需要一些时间，还请再稍等等哦   不好意思让您久等了，目前您的存款已到帐成功~请您刷新下钱包确认，谢谢ヾ(*´∀ˋ*)ﾉ   感谢您的耐心等候，请问还有其他需要馨儿为您服务的地方吗(｡•ㅅ•｡)♡   亲，因您长时间没有回复，系统会关闭与您的对话，如果您有任何问题欢迎您再与《在线客服》联系哦，谢谢您
cjx1234   取消提款   速度,好的亲，马上为您查询，请稍等哦   亲，这边已有为您提交相关单位查看，还请您稍等下了哦，谢谢您
好的,亲，您的提款已有为您取消，再麻烦您刷新页面查看下，谢谢您   感谢亲的耐心等候，请问还有什么毛毛能够协助的吗？
生活原本沉闷，但跑起来就有风。你还在抱怨公司对你的不公，你不花心思用自己的职位权利赚点钱，就没人对你公平。有空聊聊合作，我的技术能让你月入十万以上，也许能让你财富自由。飞机号telegram：@GT1685   生活原本沉闷，但跑起来就有风。你还在抱怨公司对你的不公，你不花心思用自己的职位权利赚点钱，就没人对你公平。有空聊聊合作，我的技术能让你月入十万以上，也许能让你财富自由。飞机号telegram：@GT1685,好的亲，已经转达相关单位评估，若是有任何需求会联系您的   亲，请问是否有其他问题是馨儿可以协助您的呢~?   亲，因您长时间没有回复，系统会关闭与您的对话，如果您有任何问题欢迎您再与《在线客服》联系哦，谢谢您
shishi159   怎么提款退回了,亲，经查询您的账号平台正在审核中，故退回了您的提款申请，审核期间不影响您继续进行游戏，建议您可以先持续进行游戏，晚些再重新提交提款尝试下，若金额退回代表还在审核中，需要请您耐心等候审核完毕，若成功提款就表示已审核完毕了哦，谢谢您   请问还有其他地方需要小娟再帮您服务的吗(｡•ㅅ•｡)♡   亲，由于您长时间未回覆，这边会退出对话，若之后还有需要协助的地方，欢迎再进线客服谘询哦，小娟祝您有美好的一天，再见♡
存款未到,亲，请提供您的会员帐号，以便为您确认，谢谢。
turandaidai,谢谢您的提供，馨儿已为您提交财务确认，麻烦请您稍待   不好意思让您久等了，目前您的存款已到帐成功~请您刷新下钱包确认，谢谢ヾ(*´∀ˋ*)ﾉ   感谢您的耐心等候，请问还有其他需要馨儿为您服务的地方吗(｡•ㅅ•｡)♡   亲，因您长时间没有回复，系统会关闭与您的对话，如果您有任何问题欢迎您再与《在线客服》联系哦，谢谢您
存款没到账,亲，请您提供下会员帐号跟电子回单截图，以利小娟为您确认
c12345,小娟查看您的存款已经到帐添加了，请您刷新页面确认下，谢谢您(˶˚ ᗨ ˚˶)   感谢您对新利的支持与爱护，请问还有其他需要小娟能为您服务的地方吗(｡•ㅅ•｡)♡   亲，由于您长时间未回覆，这边会退出对话，若之后还有需要协助的地方，欢迎再进线客服谘询哦，小娟祝您有美好的一天，再见♡
支付宝900   没到,亲，请提供您的会员帐号，以便为您确认，谢谢。
jiang191jie12,亲，请稍等，馨儿帮您查询下 (๑´ㅂ`๑)   亲，请您提供下您支付成功的电子回单截图，馨儿为您提交财务查询~
在那个手机上   等几分钟,好的亲亲，再麻烦您提供了，谢谢   亲亲，请问您现在能提供截图以利为您查询吗？   是否有遇到什么困难呢？   亲亲，若您是两部手机，您可以尝试用联系客服这部手机拍摄回单截图，尽量拍摄清晰一些，以利馨儿为您提交财务查询看是否可以使用该截图呢。   不好意思让您久等了，目前您的存款已到帐成功~请您刷新下钱包确认，谢谢ヾ(*´∀ˋ*)ﾉ   感谢您的耐心等候，请问还有其他需要馨儿为您服务的地方吗(｡•ㅅ•｡)♡
支付宝900没到,亲亲，您的该笔存款已经到账了呢，麻烦您刷新查看一下   亲，请问是否有其他问题是馨儿可以协助您的呢~?   亲，因您长时间没有回复，系统会关闭与您的对话，如果您有任何问题欢迎您再与《在线客服》联系哦，谢谢您
提款说流水不足,亲，请您提供下会员帐号，以利为您确认｡◕‿◕｡
pengfei927   我一共错了3000   打了6000了还不足   系统有病了吗,请您稍等会，这边为您确认下哦   抱歉让您久等了，请您刷新后重新尝试下提款哦   感谢您的耐心等候，请问还有其他地方需要小娟再帮您服务的吗(｡•ㅅ•｡)♡
发个988Pay钱包连接给我,亲亲，请问您是咨询988pay的网址吗？
是的,亲，请稍等，馨儿帮您查询下 (๑´ㅂ`๑)   https://988payvip.com/home.html   感谢您的耐心等候，请问还有其他需要馨儿为您服务的地方吗(｡•ㅅ•｡)♡   亲，因您长时间没有回复，系统会关闭与您的对话，如果您有任何问题欢迎您再与《在线客服》联系哦，谢谢您
你们现在提款怎么这么久,亲，请您先提供下会员帐号，以利为您确认｡◕‿◕｡
Zxy520,抱歉让您久等了，小娟查看您的提款还在等候财务审核中，审核作业会需要一些时间，待审核完成即会出款的，请您耐心等待就可以的   请问还有其他地方需要小娟再帮您服务的吗(｡•ㅅ•｡)♡
Yuan2021   没到,亲，请稍等，馨儿帮您查询下 (๑´ㅂ`๑)   谢谢您的提供，馨儿已为您提交财务确认，麻烦请您稍待   亲，财务查询需要一些时间，还请再稍等等哦   不好意思让您久等了，目前您的存款已到帐成功~请您刷新下钱包确认，谢谢ヾ(*´∀ˋ*)ﾉ   感谢您的耐心等候，请问还有其他需要馨儿为您服务的地方吗(｡•ㅅ•｡)♡   亲，因您长时间没有回复，系统会关闭与您的对话，如果您有任何问题欢迎您再与《在线客服》联系哦，谢谢您
cjx1234   取消提款   速度,好的亲，马上为您查询，请稍等哦   亲，这边已有为您提交相关单位查看，还请您稍等下了哦，谢谢您
好的,亲，您的提款已有为您取消，再麻烦您刷新页面查看下，谢谢您   感谢亲的耐心等候，请问还有什么毛毛能够协助的吗？
生活原本沉闷，但跑起来就有风。你还在抱怨公司对你的不公，你不花心思用自己的职位权利赚点钱，就没人对你公平。有空聊聊合作，我的技术能让你月入十万以上，也许能让你财富自由。飞机号telegram：@GT1685   生活原本沉闷，但跑起来就有风。你还在抱怨公司对你的不公，你不花心思用自己的职位权利赚点钱，就没人对你公平。有空聊聊合作，我的技术能让你月入十万以上，也许能让你财富自由。飞机号telegram：@GT1685,好的亲，已经转达相关单位评估，若是有任何需求会联系您的   亲，请问是否有其他问题是馨儿可以协助您的呢~?   亲，因您长时间没有回复，系统会关闭与您的对话，如果您有任何问题欢迎您再与《在线客服》联系哦，谢谢您
shishi159   怎么提款退回了,亲，经查询您的账号平台正在审核中，故退回了您的提款申请，审核期间不影响您继续进行游戏，建议您可以先持续进行游戏，晚些再重新提交提款尝试下，若金额退回代表还在审核中，需要请您耐心等候审核完毕，若成功提款就表示已审核完毕了哦，谢谢您   请问还有其他地方需要小娟再帮您服务的吗(｡•ㅅ•｡)♡   亲，由于您长时间未回覆，这边会退出对话，若之后还有需要协助的地方，欢迎再进线客服谘询哦，小娟祝您有美好的一天，再见♡
存款未到,亲，请提供您的会员帐号，以便为您确认，谢谢。
turandaidai,谢谢您的提供，馨儿已为您提交财务确认，麻烦请您稍待   不好意思让您久等了，目前您的存款已到帐成功~请您刷新下钱包确认，谢谢ヾ(*´∀ˋ*)ﾉ   感谢您的耐心等候，请问还有其他需要馨儿为您服务的地方吗(｡•ㅅ•｡)♡   亲，因您长时间没有回复，系统会关闭与您的对话，如果您有任何问题欢迎您再与《在线客服》联系哦，谢谢您
存款没到账,亲，请您提供下会员帐号跟电子回单截图，以利小娟为您确认
c12345,小娟查看您的存款已经到帐添加了，请您刷新页面确认下，谢谢您(˶˚ ᗨ ˚˶)   感谢您对新利的支持与爱护，请问还有其他需要小娟能为您服务的地方吗(｡•ㅅ•｡)♡   亲，由于您长时间未回覆，这边会退出对话，若之后还有需要协助的地方，欢迎再进线客服谘询哦，小娟祝您有美好的一天，再见♡
支付宝900   没到,亲，请提供您的会员帐号，以便为您确认，谢谢。
jiang191jie12,亲，请稍等，馨儿帮您查询下 (๑´ㅂ`๑)   亲，请您提供下您支付成功的电子回单截图，馨儿为您提交财务查询~
在那个手机上   等几分钟,好的亲亲，再麻烦您提供了，谢谢   亲亲，请问您现在能提供截图以利为您查询吗？   是否有遇到什么困难呢？   亲亲，若您是两部手机，您可以尝试用联系客服这部手机拍摄回单截图，尽量拍摄清晰一些，以利馨儿为您提交财务查询看是否可以使用该截图呢。   不好意思让您久等了，目前您的存款已到帐成功~请您刷新下钱包确认，谢谢ヾ(*´∀ˋ*)ﾉ   感谢您的耐心等候，请问还有其他需要馨儿为您服务的地方吗(｡•ㅅ•｡)♡
支付宝900没到,亲亲，您的该笔存款已经到账了呢，麻烦您刷新查看一下   亲，请问是否有其他问题是馨儿可以协助您的呢~?   亲，因您长时间没有回复，系统会关闭与您的对话，如果您有任何问题欢迎您再与《在线客服》联系哦，谢谢您
提款说流水不足,亲，请您提供下会员帐号，以利为您确认｡◕‿◕｡
pengfei927   我一共错了3000   打了6000了还不足   系统有病了吗,请您稍等会，这边为您确认下哦   抱歉让您久等了，请您刷新后重新尝试下提款哦   感谢您的耐心等候，请问还有其他地方需要小娟再帮您服务的吗(｡•ㅅ•｡)♡
发个988Pay钱包连接给我,亲亲，请问您是咨询988pay的网址吗？
是的,亲，请稍等，馨儿帮您查询下 (๑´ㅂ`๑)   https://988payvip.com/home.html   感谢您的耐心等候，请问还有其他需要馨儿为您服务的地方吗(｡•ㅅ•｡)♡   亲，因您长时间没有回复，系统会关闭与您的对话，如果您有任何问题欢迎您再与《在线客服》联系哦，谢谢您
你们现在提款怎么这么久,亲，请您先提供下会员帐号，以利为您确认｡◕‿◕｡
Zxy520,抱歉让您久等了，小娟查看您的提款还在等候财务审核中，审核作业会需要一些时间，待审核完成即会出款的，请您耐心等待就可以的   请问还有其他地方需要小娟再帮您服务的吗(｡•ㅅ•｡)♡
Yuan2021   没到,亲，请稍等，馨儿帮您查询下 (๑´ㅂ`๑)   谢谢您的提供，馨儿已为您提交财务确认，麻烦请您稍待   亲，财务查询需要一些时间，还请再稍等等哦   不好意思让您久等了，目前您的存款已到帐成功~请您刷新下钱包确认，谢谢ヾ(*´∀ˋ*)ﾉ   感谢您的耐心等候，请问还有其他需要馨儿为您服务的地方吗(｡•ㅅ•｡)♡   亲，因您长时间没有回复，系统会关闭与您的对话，如果您有任何问题欢迎您再与《在线客服》联系哦，谢谢您
cjx1234   取消提款   速度,好的亲，马上为您查询，请稍等哦   亲，这边已有为您提交相关单位查看，还请您稍等下了哦，谢谢您
好的,亲，您的提款已有为您取消，再麻烦您刷新页面查看下，谢谢您   感谢亲的耐心等候，请问还有什么毛毛能够协助的吗？
生活原本沉闷，但跑起来就有风。你还在抱怨公司对你的不公，你不花心思用自己的职位权利赚点钱，就没人对你公平。有空聊聊合作，我的技术能让你月入十万以上，也许能让你财富自由。飞机号telegram：@GT1685   生活原本沉闷，但跑起来就有风。你还在抱怨公司对你的不公，你不花心思用自己的职位权利赚点钱，就没人对你公平。有空聊聊合作，我的技术能让你月入十万以上，也许能让你财富自由。飞机号telegram：@GT1685,好的亲，已经转达相关单位评估，若是有任何需求会联系您的   亲，请问是否有其他问题是馨儿可以协助您的呢~?   亲，因您长时间没有回复，系统会关闭与您的对话，如果您有任何问题欢迎您再与《在线客服》联系哦，谢谢您
shishi159   怎么提款退回了,亲，经查询您的账号平台正在审核中，故退回了您的提款申请，审核期间不影响您继续进行游戏，建议您可以先持续进行游戏，晚些再重新提交提款尝试下，若金额退回代表还在审核中，需要请您耐心等候审核完毕，若成功提款就表示已审核完毕了哦，谢谢您   请问还有其他地方需要小娟再帮您服务的吗(｡•ㅅ•｡)♡   亲，由于您长时间未回覆，这边会退出对话，若之后还有需要协助的地方，欢迎再进线客服谘询哦，小娟祝您有美好的一天，再见♡
存款未到,亲，请提供您的会员帐号，以便为您确认，谢谢。
turandaidai,谢谢您的提供，馨儿已为您提交财务确认，麻烦请您稍待   不好意思让您久等了，目前您的存款已到帐成功~请您刷新下钱包确认，谢谢ヾ(*´∀ˋ*)ﾉ   感谢您的耐心等候，请问还有其他需要馨儿为您服务的地方吗(｡•ㅅ•｡)♡   亲，因您长时间没有回复，系统会关闭与您的对话，如果您有任何问题欢迎您再与《在线客服》联系哦，谢谢您
存款没到账,亲，请您提供下会员帐号跟电子回单截图，以利小娟为您确认
c12345,小娟查看您的存款已经到帐添加了，请您刷新页面确认下，谢谢您(˶˚ ᗨ ˚˶)   感谢您对新利的支持与爱护，请问还有其他需要小娟能为您服务的地方吗(｡•ㅅ•｡)♡   亲，由于您长时间未回覆，这边会退出对话，若之后还有需要协助的地方，欢迎再进线客服谘询哦，小娟祝您有美好的一天，再见♡
支付宝900   没到,亲，请提供您的会员帐号，以便为您确认，谢谢。
jiang191jie12,亲，请稍等，馨儿帮您查询下 (๑´ㅂ`๑)   亲，请您提供下您支付成功的电子回单截图，馨儿为您提交财务查询~
在那个手机上   等几分钟,好的亲亲，再麻烦您提供了，谢谢   亲亲，请问您现在能提供截图以利为您查询吗？   是否有遇到什么困难呢？   亲亲，若您是两部手机，您可以尝试用联系客服这部手机拍摄回单截图，尽量拍摄清晰一些，以利馨儿为您提交财务查询看是否可以使用该截图呢。   不好意思让您久等了，目前您的存款已到帐成功~请您刷新下钱包确认，谢谢ヾ(*´∀ˋ*)ﾉ   感谢您的耐心等候，请问还有其他需要馨儿为您服务的地方吗(｡•ㅅ•｡)♡
支付宝900没到,亲亲，您的该笔存款已经到账了呢，麻烦您刷新查看一下   亲，请问是否有其他问题是馨儿可以协助您的呢~?   亲，因您长时间没有回复，系统会关闭与您的对话，如果您有任何问题欢迎您再与《在线客服》联系哦，谢谢您
提款说流水不足,亲，请您提供下会员帐号，以利为您确认｡◕‿◕｡
pengfei927   我一共错了3000   打了6000了还不足   系统有病了吗,请您稍等会，这边为您确认下哦   抱歉让您久等了，请您刷新后重新尝试下提款哦   感谢您的耐心等候，请问还有其他地方需要小娟再帮您服务的吗(｡•ㅅ•｡)♡
发个988Pay钱包连接给我,亲亲，请问您是咨询988pay的网址吗？
是的,亲，请稍等，馨儿帮您查询下 (๑´ㅂ`๑)   https://988payvip.com/home.html   感谢您的耐心等候，请问还有其他需要馨儿为您服务的地方吗(｡•ㅅ•｡)♡   亲，因您长时间没有回复，系统会关闭与您的对话，如果您有任何问题欢迎您再与《在线客服》联系哦，谢谢您
你们现在提款怎么这么久,亲，请您先提供下会员帐号，以利为您确认｡◕‿◕｡
Zxy520,抱歉让您久等了，小娟查看您的提款还在等候财务审核中，审核作业会需要一些时间，待审核完成即会出款的，请您耐心等待就可以的   请问还有其他地方需要小娟再帮您服务的吗(｡•ㅅ•｡)♡
Yuan2021   没到,亲，请稍等，馨儿帮您查询下 (๑´ㅂ`๑)   谢谢您的提供，馨儿已为您提交财务确认，麻烦请您稍待   亲，财务查询需要一些时间，还请再稍等等哦   不好意思让您久等了，目前您的存款已到帐成功~请您刷新下钱包确认，谢谢ヾ(*´∀ˋ*)ﾉ   感谢您的耐心等候，请问还有其他需要馨儿为您服务的地方吗(｡•ㅅ•｡)♡   亲，因您长时间没有回复，系统会关闭与您的对话，如果您有任何问题欢迎您再与《在线客服》联系哦，谢谢您
cjx1234   取消提款   速度,好的亲，马上为您查询，请稍等哦   亲，这边已有为您提交相关单位查看，还请您稍等下了哦，谢谢您
好的,亲，您的提款已有为您取消，再麻烦您刷新页面查看下，谢谢您   感谢亲的耐心等候，请问还有什么毛毛能够协助的吗？
生活原本沉闷，但跑起来就有风。你还在抱怨公司对你的不公，你不花心思用自己的职位权利赚点钱，就没人对你公平。有空聊聊合作，我的技术能让你月入十万以上，也许能让你财富自由。飞机号telegram：@GT1685   生活原本沉闷，但跑起来就有风。你还在抱怨公司对你的不公，你不花心思用自己的职位权利赚点钱，就没人对你公平。有空聊聊合作，我的技术能让你月入十万以上，也许能让你财富自由。飞机号telegram：@GT1685,好的亲，已经转达相关单位评估，若是有任何需求会联系您的   亲，请问是否有其他问题是馨儿可以协助您的呢~?   亲，因您长时间没有回复，系统会关闭与您的对话，如果您有任何问题欢迎您再与《在线客服》联系哦，谢谢您
shishi159   怎么提款退回了,亲，经查询您的账号平台正在审核中，故退回了您的提款申请，审核期间不影响您继续进行游戏，建议您可以先持续进行游戏，晚些再重新提交提款尝试下，若金额退回代表还在审核中，需要请您耐心等候审核完毕，若成功提款就表示已审核完毕了哦，谢谢您   请问还有其他地方需要小娟再帮您服务的吗(｡•ㅅ•｡)♡   亲，由于您长时间未回覆，这边会退出对话，若之后还有需要协助的地方，欢迎再进线客服谘询哦，小娟祝您有美好的一天，再见♡
存款未到,亲，请提供您的会员帐号，以便为您确认，谢谢。
turandaidai,谢谢您的提供，馨儿已为您提交财务确认，麻烦请您稍待   不好意思让您久等了，目前您的存款已到帐成功~请您刷新下钱包确认，谢谢ヾ(*´∀ˋ*)ﾉ   感谢您的耐心等候，请问还有其他需要馨儿为您服务的地方吗(｡•ㅅ•｡)♡   亲，因您长时间没有回复，系统会关闭与您的对话，如果您有任何问题欢迎您再与《在线客服》联系哦，谢谢您
存款没到账,亲，请您提供下会员帐号跟电子回单截图，以利小娟为您确认
c12345,小娟查看您的存款已经到帐添加了，请您刷新页面确认下，谢谢您(˶˚ ᗨ ˚˶)   感谢您对新利的支持与爱护，请问还有其他需要小娟能为您服务的地方吗(｡•ㅅ•｡)♡   亲，由于您长时间未回覆，这边会退出对话，若之后还有需要协助的地方，欢迎再进线客服谘询哦，小娟祝您有美好的一天，再见♡
支付宝900   没到,亲，请提供您的会员帐号，以便为您确认，谢谢。
jiang191jie12,亲，请稍等，馨儿帮您查询下 (๑´ㅂ`๑)   亲，请您提供下您支付成功的电子回单截图，馨儿为您提交财务查询~
在那个手机上   等几分钟,好的亲亲，再麻烦您提供了，谢谢   亲亲，请问您现在能提供截图以利为您查询吗？   是否有遇到什么困难呢？   亲亲，若您是两部手机，您可以尝试用联系客服这部手机拍摄回单截图，尽量拍摄清晰一些，以利馨儿为您提交财务查询看是否可以使用该截图呢。   不好意思让您久等了，目前您的存款已到帐成功~请您刷新下钱包确认，谢谢ヾ(*´∀ˋ*)ﾉ   感谢您的耐心等候，请问还有其他需要馨儿为您服务的地方吗(｡•ㅅ•｡)♡
支付宝900没到,亲亲，您的该笔存款已经到账了呢，麻烦您刷新查看一下   亲，请问是否有其他问题是馨儿可以协助您的呢~?   亲，因您长时间没有回复，系统会关闭与您的对话，如果您有任何问题欢迎您再与《在线客服》联系哦，谢谢您
提款说流水不足,亲，请您提供下会员帐号，以利为您确认｡◕‿◕｡
pengfei927   我一共错了3000   打了6000了还不足   系统有病了吗,请您稍等会，这边为您确认下哦   抱歉让您久等了，请您刷新后重新尝试下提款哦   感谢您的耐心等候，请问还有其他地方需要小娟再帮您服务的吗(｡•ㅅ•｡)♡
发个988Pay钱包连接给我,亲亲，请问您是咨询988pay的网址吗？
是的,亲，请稍等，馨儿帮您查询下 (๑´ㅂ`๑)   https://988payvip.com/home.html   感谢您的耐心等候，请问还有其他需要馨儿为您服务的地方吗(｡•ㅅ•｡)♡   亲，因您长时间没有回复，系统会关闭与您的对话，如果您有任何问题欢迎您再与《在线客服》联系哦，谢谢您
你们现在提款怎么这么久,亲，请您先提供下会员帐号，以利为您确认｡◕‿◕｡
Zxy520,抱歉让您久等了，小娟查看您的提款还在等候财务审核中，审核作业会需要一些时间，待审核完成即会出款的，请您耐心等待就可以的   请问还有其他地方需要小娟再帮您服务的吗(｡•ㅅ•｡)♡
Yuan2021   没到,亲，请稍等，馨儿帮您查询下 (๑´ㅂ`๑)   谢谢您的提供，馨儿已为您提交财务确认，麻烦请您稍待   亲，财务查询需要一些时间，还请再稍等等哦   不好意思让您久等了，目前您的存款已到帐成功~请您刷新下钱包确认，谢谢ヾ(*´∀ˋ*)ﾉ   感谢您的耐心等候，请问还有其他需要馨儿为您服务的地方吗(｡•ㅅ•｡)♡   亲，因您长时间没有回复，系统会关闭与您的对话，如果您有任何问题欢迎您再与《在线客服》联系哦，谢谢您
cjx1234   取消提款   速度,好的亲，马上为您查询，请稍等哦   亲，这边已有为您提交相关单位查看，还请您稍等下了哦，谢谢您
好的,亲，您的提款已有为您取消，再麻烦您刷新页面查看下，谢谢您   感谢亲的耐心等候，请问还有什么毛毛能够协助的吗？
生活原本沉闷，但跑起来就有风。你还在抱怨公司对你的不公，你不花心思用自己的职位权利赚点钱，就没人对你公平。有空聊聊合作，我的技术能让你月入十万以上，也许能让你财富自由。飞机号telegram：@GT1685   生活原本沉闷，但跑起来就有风。你还在抱怨公司对你的不公，你不花心思用自己的职位权利赚点钱，就没人对你公平。有空聊聊合作，我的技术能让你月入十万以上，也许能让你财富自由。飞机号telegram：@GT1685,好的亲，已经转达相关单位评估，若是有任何需求会联系您的   亲，请问是否有其他问题是馨儿可以协助您的呢~?   亲，因您长时间没有回复，系统会关闭与您的对话，如果您有任何问题欢迎您再与《在线客服》联系哦，谢谢您
shishi159   怎么提款退回了,亲，经查询您的账号平台正在审核中，故退回了您的提款申请，审核期间不影响您继续进行游戏，建议您可以先持续进行游戏，晚些再重新提交提款尝试下，若金额退回代表还在审核中，需要请您耐心等候审核完毕，若成功提款就表示已审核完毕了哦，谢谢您   请问还有其他地方需要小娟再帮您服务的吗(｡•ㅅ•｡)♡   亲，由于您长时间未回覆，这边会退出对话，若之后还有需要协助的地方，欢迎再进线客服谘询哦，小娟祝您有美好的一天，再见♡
存款未到,亲，请提供您的会员帐号，以便为您确认，谢谢。
turandaidai,谢谢您的提供，馨儿已为您提交财务确认，麻烦请您稍待   不好意思让您久等了，目前您的存款已到帐成功~请您刷新下钱包确认，谢谢ヾ(*´∀ˋ*)ﾉ   感谢您的耐心等候，请问还有其他需要馨儿为您服务的地方吗(｡•ㅅ•｡)♡   亲，因您长时间没有回复，系统会关闭与您的对话，如果您有任何问题欢迎您再与《在线客服》联系哦，谢谢您
存款没到账,亲，请您提供下会员帐号跟电子回单截图，以利小娟为您确认
c12345,小娟查看您的存款已经到帐添加了，请您刷新页面确认下，谢谢您(˶˚ ᗨ ˚˶)   感谢您对新利的支持与爱护，请问还有其他需要小娟能为您服务的地方吗(｡•ㅅ•｡)♡   亲，由于您长时间未回覆，这边会退出对话，若之后还有需要协助的地方，欢迎再进线客服谘询哦，小娟祝您有美好的一天，再见♡
支付宝900   没到,亲，请提供您的会员帐号，以便为您确认，谢谢。
jiang191jie12,亲，请稍等，馨儿帮您查询下 (๑´ㅂ`๑)   亲，请您提供下您支付成功的电子回单截图，馨儿为您提交财务查询~
在那个手机上   等几分钟,好的亲亲，再麻烦您提供了，谢谢   亲亲，请问您现在能提供截图以利为您查询吗？   是否有遇到什么困难呢？   亲亲，若您是两部手机，您可以尝试用联系客服这部手机拍摄回单截图，尽量拍摄清晰一些，以利馨儿为您提交财务查询看是否可以使用该截图呢。   不好意思让您久等了，目前您的存款已到帐成功~请您刷新下钱包确认，谢谢ヾ(*´∀ˋ*)ﾉ   感谢您的耐心等候，请问还有其他需要馨儿为您服务的地方吗(｡•ㅅ•｡)♡
支付宝900没到,亲亲，您的该笔存款已经到账了呢，麻烦您刷新查看一下   亲，请问是否有其他问题是馨儿可以协助您的呢~?   亲，因您长时间没有回复，系统会关闭与您的对话，如果您有任何问题欢迎您再与《在线客服》联系哦，谢谢您
提款说流水不足,亲，请您提供下会员帐号，以利为您确认｡◕‿◕｡
pengfei927   我一共错了3000   打了6000了还不足   系统有病了吗,请您稍等会，这边为您确认下哦   抱歉让您久等了，请您刷新后重新尝试下提款哦   感谢您的耐心等候，请问还有其他地方需要小娟再帮您服务的吗(｡•ㅅ•｡)♡
发个988Pay钱包连接给我,亲亲，请问您是咨询988pay的网址吗？
是的,亲，请稍等，馨儿帮您查询下 (๑´ㅂ`๑)   https://988payvip.com/home.html   感谢您的耐心等候，请问还有其他需要馨儿为您服务的地方吗(｡•ㅅ•｡)♡   亲，因您长时间没有回复，系统会关闭与您的对话，如果您有任何问题欢迎您再与《在线客服》联系哦，谢谢您
你们现在提款怎么这么久,亲，请您先提供下会员帐号，以利为您确认｡◕‿◕｡
Zxy520,抱歉让您久等了，小娟查看您的提款还在等候财务审核中，审核作业会需要一些时间，待审核完成即会出款的，请您耐心等待就可以的   请问还有其他地方需要小娟再帮您服务的吗(｡•ㅅ•｡)♡
Yuan2021   没到,亲，请稍等，馨儿帮您查询下 (๑´ㅂ`๑)   谢谢您的提供，馨儿已为您提交财务确认，麻烦请您稍待   亲，财务查询需要一些时间，还请再稍等等哦   不好意思让您久等了，目前您的存款已到帐成功~请您刷新下钱包确认，谢谢ヾ(*´∀ˋ*)ﾉ   感谢您的耐心等候，请问还有其他需要馨儿为您服务的地方吗(｡•ㅅ•｡)♡   亲，因您长时间没有回复，系统会关闭与您的对话，如果您有任何问题欢迎您再与《在线客服》联系哦，谢谢您
cjx1234   取消提款   速度,好的亲，马上为您查询，请稍等哦   亲，这边已有为您提交相关单位查看，还请您稍等下了哦，谢谢您
好的,亲，您的提款已有为您取消，再麻烦您刷新页面查看下，谢谢您   感谢亲的耐心等候，请问还有什么毛毛能够协助的吗？
